season,lg,player,player_id,age,team,pos,g,gs,mp_per_game,fg_per_game,fga_per_game,fg_percent,x3p_per_game,x3pa_per_game,x3p_percent,x2p_per_game,x2pa_per_game,x2p_percent,e_fg_percent,ft_per_game,fta_per_game,ft_percent,orb_per_game,drb_per_game,trb_per_game,ast_per_game,stl_per_game,blk_per_game,tov_per_game,pf_per_game,pts_per_game,all_star
2024,NBA,A.J. Green,greenaj01,24.0,MIL,SG,56,0.0,11.0,1.5,3.5,0.423,1.2,3.0,0.408,0.3,0.5,0.519,0.599,0.3,0.3,0.895,0.2,1.0,1.1,0.5,0.2,0.1,0.2,0.9,4.5,0
2024,NBA,A.J. Lawson,lawsoaj01,23.0,DAL,SG,42,0.0,7.4,1.3,2.9,0.446,0.3,1.2,0.26,1.0,1.7,0.577,0.5,0.4,0.5,0.652,0.3,0.9,1.2,0.5,0.2,0.1,0.3,0.5,3.2,0
2024,NBA,AJ Griffin,griffaj01,20.0,ATL,SF,20,0.0,8.6,0.9,3.1,0.29,0.5,2.0,0.256,0.4,1.2,0.348,0.371,0.1,0.1,1.0,0.1,0.8,0.9,0.3,0.1,0.1,0.4,0.3,2.4,0
2024,NBA,Aaron Gordon,gordoaa01,28.0,DEN,PF,73,73.0,31.5,5.5,9.8,0.556,0.5,1.9,0.29,4.9,7.9,0.619,0.584,2.4,3.7,0.658,2.4,4.1,6.5,3.5,0.8,0.6,1.4,1.9,13.9,0
2024,NBA,Aaron Holiday,holidaa01,27.0,HOU,PG,78,1.0,16.3,2.4,5.3,0.446,1.1,2.8,0.387,1.3,2.6,0.51,0.547,0.7,0.8,0.921,0.3,1.3,1.6,1.8,0.5,0.1,0.7,1.6,6.6,0
2024,NBA,Aaron Nesmith,nesmiaa01,24.0,IND,SF,72,47.0,27.7,4.4,8.8,0.496,1.9,4.6,0.419,2.4,4.2,0.581,0.606,1.5,1.9,0.781,0.9,2.9,3.8,1.5,0.9,0.7,0.9,3.3,12.2,0
2024,NBA,Aaron Wiggins,wiggiaa01,25.0,OKC,SG,78,4.0,15.7,2.7,4.8,0.562,0.8,1.6,0.492,1.9,3.2,0.598,0.645,0.7,0.9,0.789,0.8,1.6,2.4,1.1,0.7,0.2,0.7,1.2,6.9,0
2024,NBA,Admiral Schofield,schofad01,26.0,ORL,PF,23,0.0,3.7,0.4,1.1,0.385,0.3,0.7,0.375,0.2,0.4,0.4,0.5,0.0,0.1,0.0,0.1,0.6,0.7,0.3,0.0,0.0,0.2,0.4,1.1,0
2024,NBA,Al Horford,horfoal01,37.0,BOS,C,65,33.0,26.8,3.3,6.4,0.511,1.7,4.0,0.419,1.6,2.5,0.658,0.64,0.4,0.5,0.867,1.3,5.1,6.4,2.6,0.6,1.0,0.7,1.4,8.6,0
2024,NBA,Alec Burks,burksal01,32.0,2TM,SG,66,1.0,18.4,3.2,8.6,0.369,1.9,5.0,0.376,1.3,3.6,0.36,0.478,2.2,2.5,0.868,0.4,1.9,2.3,1.3,0.4,0.2,0.7,1.1,10.4,0
2024,NBA,Aleksej Pokusevski,pokusal01,22.0,2TM,PF,28,0.0,14.5,1.8,4.3,0.405,0.6,2.0,0.327,1.1,2.4,0.47,0.479,1.1,1.5,0.732,0.6,2.6,3.2,1.3,0.5,0.5,0.7,0.8,5.2,0
2024,NBA,Alex Caruso,carusal01,29.0,CHI,SG,71,57.0,28.7,3.6,7.6,0.468,1.9,4.7,0.408,1.6,2.9,0.563,0.593,1.0,1.4,0.76,0.9,3.0,3.8,3.5,1.7,1.0,1.4,2.5,10.1,0
2024,NBA,Alex Len,lenal01,30.0,SAC,C,48,0.0,9.3,1.0,1.7,0.617,0.0,0.1,0.0,1.0,1.6,0.641,0.617,0.4,0.7,0.588,1.0,1.7,2.7,1.0,0.2,0.7,0.6,1.4,2.5,0
2024,NBA,Alperen Şengün,sengual01,21.0,HOU,C,63,63.0,32.5,8.4,15.6,0.537,0.5,1.8,0.297,7.8,13.8,0.567,0.553,3.9,5.6,0.693,2.9,6.4,9.3,5.0,1.2,0.7,2.6,3.3,21.1,0
2024,NBA,Amen Thompson,thompam01,21.0,HOU,SF,62,23.0,22.4,3.9,7.2,0.536,0.1,0.9,0.138,3.7,6.3,0.595,0.545,1.7,2.5,0.684,2.4,4.2,6.6,2.6,1.3,0.6,1.5,2.3,9.5,0
2024,NBA,Amir Coffey,coffeam01,26.0,LAC,SF,70,13.0,20.9,2.4,5.0,0.472,1.0,2.6,0.38,1.4,2.4,0.571,0.571,0.9,1.0,0.859,0.4,1.7,2.1,1.1,0.6,0.2,0.5,1.5,6.6,0
2024,NBA,Andre Drummond,drumman01,30.0,CHI,C,79,10.0,17.1,3.4,6.1,0.556,0.0,0.0,0.0,3.4,6.0,0.56,0.556,1.6,2.8,0.592,3.4,5.6,9.0,0.5,0.9,0.6,1.0,1.8,8.4,0
2024,NBA,Andre Jackson Jr.,jacksan01,22.0,MIL,SG,57,8.0,10.0,0.9,1.8,0.5,0.3,0.8,0.37,0.6,0.9,0.611,0.585,0.1,0.2,0.727,0.8,1.2,2.0,0.9,0.3,0.1,0.5,1.6,2.2,0
2024,NBA,Andrew Nembhard,nembhan01,24.0,IND,PG,68,47.0,25.0,3.8,7.7,0.498,0.9,2.5,0.357,2.9,5.2,0.567,0.557,0.7,0.8,0.804,0.5,1.5,2.1,4.1,0.9,0.1,1.5,2.1,9.2,0
2024,NBA,Andrew Wiggins,wiggian01,28.0,GSW,SF,71,59.0,27.0,5.0,11.0,0.453,1.3,3.6,0.358,3.7,7.4,0.498,0.511,2.0,2.7,0.751,1.5,3.0,4.5,1.7,0.6,0.6,1.2,2.1,13.2,0
2024,NBA,Anfernee Simons,simonan01,24.0,POR,SG,46,46.0,34.4,7.8,18.2,0.43,3.4,8.8,0.385,4.4,9.4,0.472,0.523,3.5,3.9,0.916,0.5,3.2,3.6,5.5,0.5,0.1,2.7,2.1,22.6,0
2024,NBA,Anthony Black,blackan01,20.0,ORL,PG,69,33.0,16.9,1.7,3.6,0.466,0.5,1.4,0.394,1.1,2.2,0.51,0.54,0.7,1.2,0.613,0.5,1.5,2.0,1.3,0.5,0.3,0.8,1.6,4.6,0
2024,NBA,Anthony Davis,davisan02,30.0,LAL,C,76,76.0,35.5,9.4,16.9,0.556,0.4,1.4,0.271,9.0,15.5,0.582,0.567,5.5,6.8,0.816,3.1,9.5,12.6,3.5,1.2,2.3,2.1,2.3,24.7,1
2024,NBA,Anthony Edwards,edwaran01,22.0,MIN,SG,79,78.0,35.1,9.1,19.7,0.461,2.4,6.7,0.357,6.7,13.0,0.515,0.522,5.4,6.4,0.836,0.7,4.8,5.4,5.1,1.3,0.5,3.1,1.8,25.9,1
2024,NBA,Anthony Gill,gillan01,31.0,WAS,PF,50,3.0,9.3,1.5,3.2,0.469,0.2,0.8,0.244,1.3,2.4,0.546,0.5,0.6,0.7,0.806,0.7,1.1,1.9,0.7,0.3,0.2,0.5,1.0,3.8,0
2024,NBA,Ausar Thompson,thompau01,21.0,DET,SF,63,38.0,25.1,3.7,7.6,0.483,0.3,1.8,0.186,3.3,5.8,0.575,0.505,1.1,1.9,0.597,2.0,4.3,6.4,1.9,1.1,0.9,1.3,2.8,8.8,0
2024,NBA,Austin Reaves,reaveau01,25.0,LAL,SG,82,57.0,32.1,5.6,11.5,0.486,1.9,5.1,0.367,3.7,6.3,0.583,0.568,2.8,3.3,0.853,0.7,3.6,4.3,5.5,0.8,0.3,2.1,1.9,15.9,0
2024,NBA,Ayo Dosunmu,dosunay01,24.0,CHI,SG,76,37.0,29.1,4.7,9.5,0.501,1.6,3.9,0.403,3.2,5.6,0.568,0.583,1.1,1.4,0.81,0.7,2.1,2.8,3.2,0.9,0.5,1.4,2.2,12.2,0
2024,NBA,Bam Adebayo,adebaba01,26.0,MIA,C,71,71.0,34.0,7.5,14.3,0.521,0.2,0.6,0.357,7.3,13.7,0.528,0.529,4.1,5.5,0.755,2.2,8.1,10.4,3.9,1.1,0.9,2.3,2.2,19.3,1
2024,NBA,Ben Sheppard,sheppbe01,22.0,IND,SG,57,1.0,14.3,1.6,4.0,0.393,0.9,2.7,0.314,0.7,1.3,0.562,0.5,0.4,0.5,0.885,0.3,1.3,1.6,0.9,0.6,0.0,0.3,1.5,4.4,0
2024,NBA,Bennedict Mathurin,mathube01,21.0,IND,SF,59,19.0,26.1,5.0,11.2,0.446,1.4,3.6,0.374,3.7,7.6,0.481,0.507,3.1,3.8,0.821,1.0,2.9,4.0,2.0,0.6,0.2,1.6,2.0,14.5,0
2024,NBA,Bilal Coulibaly,coulibi01,19.0,WAS,SF,63,15.0,27.2,3.0,6.9,0.435,1.0,2.9,0.346,2.0,3.9,0.502,0.509,1.5,2.1,0.702,0.9,3.2,4.1,1.7,0.9,0.8,1.4,2.2,8.4,0
2024,NBA,Bismack Biyombo,biyombi01,31.0,2TM,C,40,27.0,19.8,1.9,3.3,0.565,0.0,0.0,0.0,1.9,3.3,0.565,0.565,0.7,1.4,0.481,1.6,3.7,5.2,1.3,0.3,0.9,1.1,2.2,4.4,0
2024,NBA,Blake Wesley,weslebl01,20.0,SAS,SG,61,3.0,14.4,1.7,3.5,0.474,0.2,0.9,0.218,1.5,2.6,0.563,0.502,0.9,1.3,0.667,0.3,1.2,1.5,2.7,0.5,0.1,0.9,1.5,4.4,0
2024,NBA,Bobby Portis,portibo01,28.0,MIL,PF,82,4.0,24.5,5.7,11.2,0.508,1.2,3.0,0.407,4.5,8.2,0.545,0.562,1.2,1.5,0.79,1.7,5.7,7.4,1.3,0.8,0.4,1.1,2.3,13.8,0
2024,NBA,Bogdan Bogdanović,bogdabo01,31.0,ATL,SG,79,33.0,30.4,6.0,13.9,0.428,3.0,8.1,0.374,2.9,5.8,0.503,0.537,1.9,2.1,0.921,0.7,2.8,3.4,3.1,1.2,0.3,1.4,2.3,16.9,0
2024,NBA,Bojan Bogdanović,bogdabo02,34.0,2TM,PF,57,27.0,25.9,5.4,11.9,0.454,2.3,5.9,0.398,3.1,6.1,0.507,0.551,2.1,2.6,0.785,0.4,2.3,2.7,1.7,0.5,0.1,1.8,1.7,15.2,0
2024,NBA,Bol Bol,bolbo01,24.0,PHO,PF,43,0.0,10.9,2.2,3.5,0.616,0.5,1.2,0.423,1.7,2.3,0.717,0.689,0.3,0.4,0.789,0.7,2.4,3.2,0.4,0.2,0.6,0.4,1.0,5.2,0
2024,NBA,Bones Hyland,hylanbo01,23.0,LAC,PG,37,5.0,14.6,2.6,6.8,0.386,1.2,3.6,0.326,1.4,3.1,0.457,0.474,0.5,0.6,0.783,0.1,1.4,1.5,2.5,0.7,0.1,1.2,1.4,6.9,0
2024,NBA,Bradley Beal,bealbr01,30.0,PHO,SG,53,53.0,33.3,7.1,13.9,0.513,1.9,4.4,0.43,5.2,9.4,0.552,0.582,2.1,2.5,0.813,1.0,3.4,4.4,5.0,1.0,0.5,2.5,2.4,18.2,0
2024,NBA,Brandin Podziemski,podzibr01,20.0,GSW,SG,74,28.0,26.6,3.7,8.1,0.454,1.2,3.2,0.385,2.4,4.9,0.499,0.529,0.7,1.1,0.633,1.6,4.2,5.8,3.7,0.8,0.2,1.2,1.6,9.2,0
2024,NBA,Brandon Boston Jr.,bostobr01,22.0,LAC,SF,32,0.0,10.8,2.0,5.0,0.404,0.4,1.6,0.269,1.6,3.4,0.468,0.447,0.7,1.0,0.697,0.6,1.0,1.6,0.4,0.3,0.3,0.8,1.3,5.2,0
2024,NBA,Brandon Ingram,ingrabr01,26.0,NOP,SF,64,64.0,32.9,7.8,15.9,0.492,1.3,3.8,0.355,6.5,12.1,0.534,0.534,3.8,4.8,0.801,0.7,4.4,5.1,5.7,0.8,0.6,2.5,2.3,20.8,0
2024,NBA,Brandon Miller,millebr02,21.0,CHO,SF,74,68.0,32.2,6.4,14.6,0.44,2.5,6.7,0.373,3.9,8.0,0.495,0.524,1.9,2.3,0.827,0.8,3.4,4.3,2.4,0.9,0.6,1.8,2.5,17.3,0
2024,NBA,Braxton Key,keybr01,26.0,DEN,SF,20,0.0,3.0,0.4,0.9,0.412,0.1,0.3,0.4,0.3,0.6,0.417,0.471,0.3,0.4,0.75,0.2,0.8,0.9,0.5,0.1,0.1,0.1,0.3,1.1,0
2024,NBA,Brice Sensabaugh,sensabr01,20.0,UTA,SF,32,11.0,18.3,2.7,6.8,0.39,1.1,3.6,0.296,1.6,3.2,0.495,0.468,1.2,1.3,0.902,0.5,2.7,3.2,1.7,0.4,0.2,1.5,1.3,7.5,0
2024,NBA,Brook Lopez,lopezbr01,35.0,MIL,C,79,79.0,30.5,4.6,9.6,0.485,1.9,5.1,0.366,2.8,4.4,0.621,0.583,1.4,1.7,0.821,1.5,3.7,5.2,1.6,0.5,2.4,1.0,2.4,12.5,0
2024,NBA,Bruce Brown,brownbr01,27.0,2TM,SG,67,44.0,27.9,4.1,8.7,0.478,0.8,2.4,0.323,3.4,6.2,0.538,0.523,1.7,2.1,0.824,0.8,3.4,4.2,2.9,0.9,0.3,1.3,2.2,10.8,0
2024,NBA,Bruno Fernando,fernabr01,25.0,ATL,C,45,2.0,15.2,2.4,4.2,0.583,0.0,0.1,0.0,2.4,4.1,0.596,0.583,1.4,2.1,0.667,1.3,3.0,4.3,1.0,0.6,0.6,1.0,2.4,6.3,0
2024,NBA,Bryce McGowens,mcgowbr01,21.0,CHO,SG,59,14.0,14.9,1.7,3.9,0.439,0.6,1.7,0.333,1.1,2.2,0.523,0.513,1.1,1.4,0.776,0.3,1.4,1.7,0.9,0.4,0.2,0.5,1.3,5.1,0
2024,NBA,Buddy Hield,hieldbu01,31.0,2TM,SF,84,42.0,25.7,4.4,10.1,0.436,2.6,6.8,0.386,1.8,3.4,0.539,0.565,0.6,0.7,0.881,0.7,2.5,3.2,2.8,0.8,0.5,1.2,2.0,12.1,0
2024,NBA,CJ McCollum,mccolcj01,32.0,NOP,PG,66,66.0,32.7,7.3,16.0,0.459,3.6,8.4,0.429,3.7,7.5,0.492,0.572,1.7,2.1,0.827,0.6,3.7,4.3,4.6,0.9,0.6,1.7,1.9,20.0,0
2024,NBA,Cade Cunningham,cunnica01,22.0,DET,PG,62,62.0,33.5,8.5,18.8,0.449,1.9,5.4,0.355,6.5,13.4,0.487,0.5,3.8,4.4,0.869,0.5,3.8,4.3,7.5,0.9,0.4,3.4,2.5,22.7,0
2024,NBA,Caleb Houstan,houstca01,21.0,ORL,SF,59,13.0,13.8,1.4,3.5,0.388,1.2,3.3,0.373,0.1,0.2,0.615,0.563,0.4,0.4,0.808,0.5,0.9,1.4,0.5,0.3,0.1,0.3,1.0,4.3,0
2024,NBA,Caleb Martin,martica02,28.0,MIA,SF,64,23.0,27.4,3.8,8.7,0.431,1.3,3.6,0.349,2.5,5.1,0.489,0.504,1.2,1.5,0.778,1.2,3.2,4.4,2.2,0.7,0.5,1.2,2.0,10.0,0
2024,NBA,Cam Reddish,reddica01,24.0,LAL,SF,48,26.0,20.5,1.9,4.9,0.389,0.8,2.3,0.336,1.1,2.6,0.435,0.468,0.9,1.1,0.759,0.6,1.5,2.1,1.0,1.0,0.3,0.6,1.3,5.4,0
2024,NBA,Cam Thomas,thomaca02,22.0,BRK,SG,66,51.0,31.4,8.0,18.0,0.442,2.2,6.0,0.364,5.8,12.0,0.481,0.503,4.3,5.1,0.856,0.4,2.8,3.2,2.9,0.7,0.2,1.9,2.1,22.5,0
2024,NBA,Cam Whitmore,whitmca01,19.0,HOU,SF,47,2.0,18.7,4.5,9.9,0.454,1.7,4.7,0.359,2.8,5.3,0.538,0.539,1.6,2.4,0.679,0.9,2.9,3.8,0.7,0.6,0.4,1.0,1.4,12.3,0
2024,NBA,Cameron Johnson,johnsca02,27.0,BRK,PF,58,47.0,27.6,4.8,10.7,0.446,2.4,6.1,0.391,2.4,4.6,0.519,0.557,1.5,1.9,0.789,0.9,3.4,4.3,2.4,0.8,0.3,1.0,1.8,13.4,0
2024,NBA,Cameron Payne,payneca01,29.0,2TM,PG,78,10.0,16.7,2.7,6.2,0.432,1.3,3.4,0.39,1.3,2.7,0.486,0.541,0.7,0.9,0.866,0.3,1.2,1.5,2.6,0.5,0.1,0.8,1.6,7.4,0
2024,NBA,Caris LeVert,leverca01,29.0,CLE,SG,68,10.0,28.8,5.1,12.1,0.421,1.6,4.9,0.325,3.5,7.2,0.486,0.487,2.3,3.0,0.766,0.6,3.5,4.1,5.1,1.1,0.5,1.7,1.8,14.0,0
2024,NBA,Cason Wallace,wallaca01,20.0,OKC,SG,82,13.0,20.6,2.6,5.4,0.491,1.2,2.9,0.419,1.5,2.5,0.572,0.602,0.4,0.5,0.784,0.6,1.6,2.3,1.5,0.9,0.5,0.5,1.6,6.8,0
2024,NBA,Cedi Osman,osmande01,28.0,SAS,SF,72,3.0,17.6,2.6,5.3,0.479,1.2,3.1,0.389,1.4,2.3,0.601,0.591,0.5,0.7,0.673,0.3,2.2,2.5,1.7,0.5,0.2,0.7,1.5,6.8,0
2024,NBA,Chet Holmgren,holmgch01,21.0,OKC,C,82,82.0,29.4,6.2,11.6,0.53,1.6,4.3,0.37,4.6,7.4,0.623,0.598,2.7,3.4,0.793,1.6,6.3,7.9,2.4,0.6,2.3,1.6,2.4,16.5,0
2024,NBA,Chimezie Metu,metuch01,26.0,2TM,C,51,12.0,16.8,2.4,4.8,0.504,0.5,1.8,0.298,1.9,2.9,0.633,0.561,1.1,1.3,0.906,0.8,3.0,3.8,0.9,0.8,0.3,1.0,1.4,6.5,0
2024,NBA,Chris Boucher,bouchch01,31.0,TOR,PF,50,0.0,14.1,2.2,4.3,0.507,0.6,1.9,0.33,1.6,2.5,0.642,0.578,1.4,1.8,0.772,1.2,2.9,4.1,0.5,0.3,0.5,0.6,1.4,6.4,0
2024,NBA,Chris Duarte,duartch01,26.0,SAC,SF,59,11.0,12.2,1.4,3.6,0.381,0.7,2.2,0.346,0.6,1.4,0.434,0.486,0.4,0.6,0.788,0.4,1.4,1.8,0.7,0.5,0.1,0.4,1.4,3.9,0
2024,NBA,Chris Livingston,livinch01,20.0,MIL,SF,21,0.0,4.3,0.5,1.0,0.5,0.0,0.2,0.2,0.5,0.8,0.588,0.523,0.1,0.2,0.75,0.1,0.9,1.0,0.2,0.1,0.0,0.2,0.7,1.2,0
2024,NBA,Chris Paul,paulch01,38.0,GSW,PG,58,18.0,26.4,3.6,8.1,0.441,1.3,3.6,0.371,2.2,4.4,0.498,0.525,0.7,0.9,0.827,0.3,3.6,3.9,6.8,1.2,0.1,1.3,1.9,9.2,0
2024,NBA,Christian Braun,braunch01,22.0,DEN,SG,82,4.0,20.2,2.7,5.9,0.46,0.8,2.0,0.384,1.9,3.9,0.498,0.525,1.1,1.6,0.694,1.0,2.8,3.7,1.6,0.5,0.4,0.7,1.7,7.3,0
2024,NBA,Christian Wood,woodch01,28.0,LAL,PF,50,1.0,17.4,2.5,5.3,0.466,0.7,2.3,0.307,1.8,3.0,0.587,0.532,1.3,1.9,0.702,0.8,4.3,5.1,1.0,0.3,0.7,1.0,1.4,6.9,0
2024,NBA,Chuma Okeke,okekech01,25.0,ORL,SF,47,8.0,9.2,0.9,2.4,0.357,0.5,1.7,0.28,0.4,0.6,0.567,0.46,0.1,0.1,0.571,0.4,1.3,1.7,0.4,0.2,0.1,0.3,0.4,2.3,0
2024,NBA,Clint Capela,capelca01,29.0,ATL,C,73,73.0,25.8,4.8,8.5,0.571,0.0,0.0,0.0,4.8,8.5,0.572,0.571,1.8,2.8,0.631,4.6,6.0,10.6,1.2,0.6,1.5,1.0,2.2,11.5,0
2024,NBA,Coby White,whiteco01,23.0,CHI,PG,79,78.0,36.5,6.8,15.3,0.447,2.6,7.0,0.376,4.2,8.3,0.508,0.534,2.8,3.3,0.838,0.6,4.0,4.5,5.1,0.7,0.2,2.1,2.4,19.1,0
2024,NBA,Cody Martin,martico01,28.0,CHO,SF,28,22.0,26.9,2.9,7.7,0.381,1.0,3.1,0.314,2.0,4.6,0.426,0.444,0.7,1.2,0.606,0.7,3.2,3.9,3.7,1.1,0.6,1.6,1.7,7.5,0
2024,NBA,Cody Zeller,zelleco01,31.0,NOP,C,43,0.0,7.4,0.6,1.4,0.419,0.0,0.1,0.333,0.6,1.4,0.424,0.427,0.5,0.9,0.605,1.1,1.5,2.6,0.9,0.2,0.1,0.4,1.0,1.8,0
2024,NBA,Colby Jones,jonesco02,21.0,SAC,SG,30,0.0,6.4,0.9,2.4,0.394,0.1,0.7,0.091,0.9,1.6,0.531,0.408,0.2,0.4,0.545,0.6,0.8,1.3,0.7,0.2,0.2,0.3,1.0,2.1,0
2024,NBA,Cole Anthony,anthoco01,23.0,ORL,PG,81,0.0,22.4,4.1,9.4,0.435,1.1,3.4,0.338,3.0,6.0,0.49,0.496,2.2,2.7,0.826,0.8,3.0,3.8,2.9,0.8,0.5,1.6,2.2,11.6,0
2024,NBA,Collin Gillespie,gilleco01,24.0,DEN,PG,24,0.0,9.4,1.3,2.9,0.464,0.6,1.6,0.395,0.7,1.3,0.548,0.572,0.3,0.5,0.667,0.0,0.8,0.9,1.1,0.5,0.0,0.6,1.0,3.6,0
2024,NBA,Collin Sexton,sextoco01,25.0,UTA,SG,78,51.0,26.6,6.5,13.3,0.487,1.6,4.2,0.394,4.8,9.1,0.53,0.549,4.1,4.7,0.859,0.9,1.7,2.6,4.9,0.8,0.2,2.1,2.0,18.7,0
2024,NBA,Corey Kispert,kispeco01,24.0,WAS,SF,80,22.0,25.8,4.8,9.9,0.486,2.3,6.0,0.383,2.5,3.9,0.643,0.602,1.4,2.0,0.726,0.4,2.4,2.8,2.0,0.5,0.2,1.2,1.8,13.4,0
2024,NBA,Cory Joseph,josepco01,32.0,GSW,PG,26,0.0,11.4,0.9,2.5,0.359,0.5,1.6,0.31,0.4,0.8,0.455,0.461,0.2,0.3,0.571,0.2,0.9,1.2,1.6,0.2,0.1,0.5,1.0,2.4,0
2024,NBA,Craig Porter Jr.,portecr01,23.0,CLE,PG,51,6.0,12.7,2.3,4.5,0.509,0.2,0.7,0.353,2.0,3.8,0.536,0.535,0.8,1.1,0.732,0.4,1.7,2.1,2.3,0.4,0.3,0.9,0.8,5.6,0
2024,NBA,D'Angelo Russell,russeda01,27.0,LAL,PG,76,69.0,32.7,6.5,14.2,0.456,3.0,7.2,0.415,3.5,7.0,0.497,0.56,2.1,2.5,0.828,0.4,2.7,3.1,6.3,0.9,0.5,2.1,2.1,18.0,0
2024,NBA,Dalano Banton,bantoda01,24.0,2TM,PG,54,9.0,19.4,3.7,9.3,0.404,1.1,3.7,0.296,2.6,5.6,0.475,0.463,1.7,2.2,0.783,0.8,2.5,3.3,2.4,0.6,0.4,1.4,1.2,10.3,0
2024,NBA,Dalen Terry,terryda01,21.0,CHI,SG,59,2.0,11.5,1.2,2.7,0.439,0.3,1.3,0.23,0.9,1.4,0.627,0.494,0.4,0.7,0.581,0.5,1.4,1.9,1.4,0.5,0.3,0.5,1.4,3.1,0
2024,NBA,Damian Jones,jonesda03,28.0,CLE,C,39,0.0,6.9,1.1,1.8,0.597,0.1,0.4,0.214,1.0,1.5,0.69,0.618,0.5,0.5,0.857,0.5,1.1,1.6,0.4,0.2,0.3,0.3,0.7,2.7,0
2024,NBA,Damian Lillard,lillada01,33.0,MIL,PG,73,73.0,35.3,7.4,17.5,0.424,3.0,8.5,0.354,4.4,9.0,0.49,0.51,6.5,7.0,0.92,0.5,3.9,4.4,7.0,1.0,0.2,2.6,1.8,24.3,1
2024,NBA,Daniel Gafford,gaffoda01,25.0,2TM,PF,74,66.0,24.5,4.7,6.5,0.725,0.0,0.0,0.0,4.7,6.5,0.725,0.725,1.6,2.4,0.674,2.6,5.0,7.6,1.6,0.9,2.1,1.0,3.1,11.0,0
2024,NBA,Daniel Theis,theisda01,31.0,2TM,C,60,3.0,16.9,2.6,4.9,0.532,0.4,1.2,0.366,2.2,3.7,0.586,0.577,0.6,0.8,0.76,1.4,2.7,4.1,1.0,0.4,0.9,0.7,2.1,6.3,0
2024,NBA,Danilo Gallinari,gallida01,35.0,3TM,SF,49,0.0,12.9,1.7,3.9,0.437,0.6,1.9,0.323,1.1,2.0,0.546,0.516,1.7,2.0,0.857,0.4,1.8,2.2,1.1,0.3,0.1,0.5,1.0,5.7,0
2024,NBA,Dante Exum,exumda01,28.0,DAL,PG,55,17.0,19.8,2.9,5.5,0.533,1.0,2.0,0.491,2.0,3.5,0.557,0.621,1.0,1.2,0.779,0.5,2.3,2.7,2.9,0.4,0.1,0.9,1.5,7.8,0
2024,NBA,Danuel House Jr.,houseda01,30.0,PHI,SF,34,4.0,15.0,1.4,3.1,0.448,0.4,1.5,0.3,0.9,1.6,0.582,0.519,1.0,1.4,0.761,0.5,1.2,1.7,0.8,0.4,0.1,0.6,1.3,4.2,0
2024,NBA,Dario Šarić,saricda01,29.0,GSW,C,64,9.0,17.2,2.8,6.1,0.466,1.2,3.1,0.376,1.7,3.0,0.56,0.562,1.2,1.5,0.849,1.1,3.3,4.4,2.3,0.5,0.2,1.2,1.8,8.0,0
2024,NBA,Darius Garland,garlada01,24.0,CLE,PG,57,57.0,33.4,6.6,14.8,0.446,2.3,6.2,0.371,4.3,8.5,0.501,0.524,2.6,3.1,0.834,0.5,2.1,2.7,6.5,1.3,0.1,3.1,1.7,18.0,0
2024,NBA,David Roddy,roddyda01,22.0,2TM,PF,65,13.0,18.1,2.5,6.3,0.403,0.7,2.5,0.293,1.8,3.8,0.478,0.462,0.7,1.0,0.691,0.8,2.4,3.2,1.2,0.4,0.2,0.9,1.1,6.5,0
2024,NBA,Davion Mitchell,mitchda01,25.0,SAC,PG,72,4.0,15.3,2.0,4.5,0.452,0.8,2.2,0.361,1.2,2.3,0.539,0.54,0.4,0.6,0.714,0.3,1.1,1.3,1.9,0.2,0.0,0.6,1.2,5.3,0
2024,NBA,Day'Ron Sharpe,sharpda01,22.0,BRK,C,61,1.0,15.1,2.8,4.8,0.571,0.1,0.2,0.267,2.7,4.6,0.588,0.578,1.2,2.0,0.61,2.6,3.7,6.4,1.4,0.4,0.7,1.1,2.1,6.8,0
2024,NBA,De'Aaron Fox,foxde01,26.0,SAC,PG,74,74.0,35.9,9.7,20.9,0.465,2.9,7.8,0.369,6.8,13.1,0.522,0.534,4.2,5.7,0.738,0.9,3.7,4.6,5.6,2.0,0.4,2.6,2.6,26.6,0
2024,NBA,De'Andre Hunter,huntede01,26.0,ATL,SF,57,37.0,29.5,5.3,11.6,0.459,2.1,5.3,0.385,3.3,6.3,0.521,0.547,2.9,3.4,0.847,0.5,3.4,3.9,1.5,0.7,0.3,1.5,2.6,15.6,0
2024,NBA,De'Anthony Melton,meltode01,25.0,PHI,SG,38,33.0,26.9,3.7,9.5,0.386,2.0,5.6,0.36,1.6,3.8,0.425,0.493,1.7,2.1,0.835,0.7,3.0,3.7,3.0,1.6,0.4,1.0,2.2,11.1,0
2024,NBA,DeAndre Jordan,jordade01,35.0,DEN,C,36,2.0,11.0,1.6,2.6,0.624,0.0,0.0,0.0,1.6,2.6,0.624,0.624,0.7,1.5,0.491,1.5,2.9,4.4,0.7,0.2,0.4,0.6,1.6,3.9,0
2024,NBA,DeMar DeRozan,derozde01,34.0,CHI,SF,79,79.0,37.8,8.2,17.2,0.48,0.9,2.8,0.333,7.3,14.3,0.509,0.507,6.6,7.7,0.853,0.5,3.8,4.3,5.3,1.1,0.6,1.7,2.0,24.0,0
2024,NBA,Dean Wade,wadede01,27.0,CLE,PF,54,32.0,20.5,1.8,4.3,0.414,1.5,3.7,0.391,0.3,0.6,0.567,0.584,0.4,0.5,0.769,0.7,3.4,4.0,0.8,0.7,0.5,0.4,1.7,5.4,0
2024,NBA,Deandre Ayton,aytonde01,25.0,POR,C,55,55.0,32.4,7.8,13.6,0.57,0.0,0.2,0.1,7.7,13.4,0.576,0.571,1.2,1.4,0.823,3.2,7.9,11.1,1.6,1.0,0.8,1.8,2.0,16.7,0
2024,NBA,Dejounte Murray,murrade01,27.0,ATL,SG,78,78.0,35.7,8.6,18.8,0.459,2.6,7.1,0.363,6.0,11.7,0.518,0.528,2.7,3.4,0.794,0.8,4.5,5.3,6.4,1.4,0.3,2.6,1.8,22.5,0
2024,NBA,Delon Wright,wrighde01,31.0,2TM,PG,47,1.0,15.8,1.6,4.0,0.394,0.5,1.4,0.368,1.0,2.6,0.408,0.46,0.8,1.0,0.822,0.4,1.4,1.8,2.5,1.1,0.2,0.3,0.7,4.5,0
2024,NBA,Deni Avdija,avdijde01,23.0,WAS,SF,75,75.0,30.1,5.4,10.7,0.506,1.2,3.1,0.374,4.2,7.6,0.56,0.56,2.7,3.6,0.74,1.1,6.1,7.2,3.8,0.8,0.5,2.1,2.5,14.7,0
2024,NBA,Dennis Schröder,schrode01,30.0,2TM,PG,80,58.0,31.1,5.0,11.6,0.435,1.7,4.6,0.375,3.3,7.0,0.474,0.509,2.2,2.7,0.836,0.5,2.5,3.0,6.1,0.8,0.2,1.9,2.1,14.0,0
2024,NBA,Dennis Smith Jr.,smithde03,26.0,BRK,PG,56,2.0,18.9,2.6,6.0,0.435,0.6,1.9,0.294,2.1,4.1,0.502,0.482,0.8,1.0,0.741,0.9,2.0,2.9,3.6,1.2,0.2,1.2,2.2,6.6,0
2024,NBA,Dereck Lively II,livelde01,19.0,DAL,C,55,42.0,23.5,4.0,5.4,0.747,0.0,0.0,0.0,4.0,5.3,0.752,0.747,0.7,1.5,0.506,2.5,4.4,6.9,1.1,0.7,1.4,0.9,2.6,8.8,0
2024,NBA,Derrick Jones Jr.,jonesde02,26.0,DAL,SF,76,66.0,23.5,3.1,6.5,0.483,1.1,3.1,0.343,2.1,3.4,0.613,0.566,1.3,1.8,0.713,1.1,2.2,3.3,1.0,0.7,0.7,0.9,1.6,8.6,0
2024,NBA,Derrick Rose,rosede01,35.0,MEM,PG,24,7.0,16.6,3.2,6.9,0.461,0.6,1.7,0.366,2.5,5.2,0.492,0.506,1.0,1.1,0.889,0.3,1.6,1.9,3.3,0.3,0.1,1.3,0.9,8.0,0
2024,NBA,Derrick White,whitede01,29.0,BOS,SG,73,73.0,32.6,5.3,11.5,0.461,2.7,6.8,0.396,2.6,4.7,0.555,0.578,1.9,2.1,0.901,0.7,3.5,4.2,5.2,1.0,1.2,1.5,2.1,15.2,0
2024,NBA,Desmond Bane,banede01,25.0,MEM,SG,42,42.0,34.4,8.6,18.5,0.464,3.3,8.6,0.381,5.3,9.9,0.536,0.552,3.3,3.8,0.87,0.9,3.5,4.4,5.5,1.0,0.5,2.7,2.9,23.7,0
2024,NBA,Devin Booker,bookede01,27.0,PHO,PG,68,68.0,36.0,9.4,19.2,0.492,2.2,6.1,0.364,7.2,13.0,0.552,0.55,6.0,6.7,0.886,0.8,3.7,4.5,6.9,0.9,0.4,2.6,3.0,27.1,1
2024,NBA,Devin Vassell,vassede01,23.0,SAS,SG,68,62.0,33.1,7.3,15.5,0.472,2.4,6.6,0.372,4.9,9.0,0.544,0.55,2.4,3.0,0.801,0.4,3.4,3.8,4.1,1.1,0.3,1.6,1.1,19.5,0
2024,NBA,Devonte' Graham,grahade01,28.0,SAS,PG,23,0.0,13.6,1.7,4.7,0.352,1.1,3.6,0.301,0.6,1.1,0.52,0.468,0.6,0.7,0.813,0.2,1.3,1.6,2.1,0.4,0.1,0.7,0.6,5.0,0
2024,NBA,Dillon Brooks,brookdi01,28.0,HOU,SF,72,72.0,30.9,4.6,10.7,0.428,1.8,5.1,0.359,2.7,5.5,0.492,0.515,1.7,2.0,0.844,0.7,2.7,3.4,1.7,0.9,0.1,1.2,3.3,12.7,0
2024,NBA,Domantas Sabonis,sabondo01,27.0,SAC,C,82,82.0,35.7,7.7,13.0,0.594,0.4,1.1,0.379,7.3,12.0,0.613,0.609,3.6,5.1,0.704,3.6,10.1,13.7,8.2,0.9,0.6,3.3,3.0,19.4,0
2024,NBA,Dominick Barlow,barlodo01,20.0,SAS,PF,33,1.0,12.7,1.7,3.4,0.496,0.1,0.3,0.333,1.6,3.2,0.51,0.509,0.9,1.3,0.69,1.4,2.1,3.4,1.1,0.4,0.4,0.3,1.4,4.4,0
2024,NBA,Donovan Mitchell,mitchdo01,27.0,CLE,SG,55,55.0,35.3,9.1,19.8,0.462,3.3,9.0,0.368,5.8,10.8,0.539,0.545,5.0,5.8,0.865,0.8,4.3,5.1,6.1,1.8,0.5,2.8,2.1,26.6,1
2024,NBA,Donte DiVincenzo,divindo01,27.0,NYK,SG,81,63.0,29.1,5.5,12.4,0.443,3.5,8.7,0.401,2.0,3.7,0.542,0.584,1.1,1.4,0.754,0.8,2.9,3.7,2.7,1.3,0.4,1.4,2.0,15.5,0
2024,NBA,Dorian Finney-Smith,finnedo01,30.0,BRK,PF,68,56.0,28.4,3.2,7.5,0.421,1.7,4.9,0.348,1.4,2.6,0.56,0.535,0.5,0.7,0.717,1.6,3.1,4.7,1.6,0.8,0.6,0.9,2.2,8.5,0
2024,NBA,Doug McDermott,mcderdo01,32.0,2TM,SF,64,0.0,14.1,1.9,4.4,0.433,1.5,3.6,0.41,0.5,0.9,0.527,0.599,0.2,0.3,0.579,0.2,0.8,0.9,1.1,0.3,0.0,0.4,1.0,5.5,0
2024,NBA,Draymond Green,greendr01,33.0,GSW,PF,55,52.0,27.1,3.4,6.8,0.497,0.9,2.3,0.395,2.4,4.4,0.551,0.566,1.0,1.3,0.73,1.4,5.9,7.2,6.0,1.0,0.9,2.5,3.0,8.6,0
2024,NBA,Drew Eubanks,eubandr01,26.0,PHO,C,75,6.0,15.6,2.0,3.4,0.601,0.0,0.0,1.0,2.0,3.3,0.596,0.607,1.0,1.2,0.774,1.4,2.9,4.3,0.8,0.4,0.8,0.8,1.5,5.1,0
2024,NBA,Duncan Robinson,robindu01,29.0,MIA,SF,68,36.0,28.0,4.5,9.9,0.45,2.8,7.0,0.395,1.7,3.0,0.579,0.589,1.2,1.3,0.889,0.2,2.3,2.5,2.8,0.7,0.2,1.4,2.4,12.9,0
2024,NBA,Duop Reath,reathdu01,27.0,POR,C,68,20.0,17.9,3.4,7.3,0.461,1.3,3.6,0.359,2.1,3.7,0.559,0.549,1.0,1.4,0.742,1.4,2.3,3.7,1.0,0.5,0.6,0.8,2.4,9.1,0
2024,NBA,Dwight Powell,poweldw01,32.0,DAL,C,63,9.0,13.3,1.1,1.7,0.679,0.0,0.0,0.333,1.1,1.6,0.689,0.684,1.0,1.4,0.708,1.5,1.9,3.4,1.3,0.4,0.3,0.5,1.8,3.3,0
2024,NBA,Dyson Daniels,daniedy01,20.0,NOP,PG,61,16.0,22.3,2.3,5.1,0.447,0.7,2.2,0.311,1.6,2.9,0.551,0.514,0.6,0.9,0.642,1.0,2.9,3.9,2.7,1.4,0.4,1.0,1.7,5.8,0
2024,NBA,Dāvis Bertāns,bertada01,31.0,2TM,PF,43,1.0,15.7,2.1,5.4,0.393,1.8,4.7,0.38,0.4,0.8,0.471,0.556,0.7,0.8,0.909,0.2,1.2,1.4,0.8,0.6,0.3,0.4,1.3,6.7,0
2024,NBA,Eric Gordon,gordoer01,35.0,PHO,SG,68,24.0,27.8,4.0,9.1,0.443,2.2,5.8,0.378,1.8,3.3,0.561,0.565,0.8,0.9,0.797,0.2,1.6,1.8,2.0,1.0,0.4,1.1,1.2,11.0,0
2024,NBA,Eugene Omoruyi,omorueu01,26.0,WAS,SF,43,0.0,9.1,1.9,3.9,0.485,0.3,1.1,0.283,1.6,2.8,0.562,0.524,0.7,1.1,0.653,0.8,1.2,2.0,0.8,0.6,0.1,0.5,1.4,4.8,0
2024,NBA,Evan Fournier,fournev01,31.0,2TM,SG,32,0.0,18.1,2.5,6.9,0.357,1.0,4.1,0.254,1.4,2.8,0.505,0.432,0.9,1.1,0.806,0.2,1.7,1.8,1.5,0.9,0.2,0.7,1.5,6.9,0
2024,NBA,Evan Mobley,mobleev01,22.0,CLE,PF,50,50.0,30.6,6.4,11.0,0.58,0.4,1.2,0.373,6.0,9.9,0.604,0.6,2.5,3.4,0.719,2.2,7.1,9.4,3.2,0.9,1.4,1.8,2.7,15.7,0
2024,NBA,Franz Wagner,wagnefr01,22.0,ORL,SF,72,72.0,32.5,7.3,15.2,0.482,1.3,4.6,0.281,6.0,10.6,0.57,0.525,3.8,4.4,0.85,1.0,4.3,5.3,3.7,1.1,0.4,1.9,2.3,19.7,0
2024,NBA,Fred VanVleet,vanvlfr01,29.0,HOU,PG,73,73.0,36.8,5.8,13.9,0.416,3.1,8.0,0.387,2.7,5.9,0.454,0.527,2.7,3.1,0.86,0.5,3.4,3.8,8.1,1.4,0.8,1.7,2.5,17.4,0
2024,NBA,Furkan Korkmaz,korkmfu01,26.0,PHI,SG,35,0.0,8.6,0.9,2.2,0.395,0.4,1.1,0.35,0.5,1.0,0.444,0.487,0.4,0.6,0.7,0.1,0.7,0.9,0.7,0.4,0.1,0.3,0.5,2.5,0
2024,NBA,GG Jackson II,jacksgg01,19.0,MEM,PF,48,18.0,25.7,5.0,11.7,0.428,2.1,6.0,0.357,2.9,5.8,0.502,0.519,2.4,3.2,0.752,1.1,3.0,4.1,1.2,0.6,0.5,1.4,1.3,14.6,0
2024,NBA,Garrett Temple,templga01,37.0,TOR,SG,27,2.0,10.7,1.1,2.9,0.372,0.4,1.5,0.3,0.6,1.4,0.447,0.449,0.7,0.8,0.818,0.7,1.0,1.7,1.0,0.4,0.1,0.5,1.0,3.3,0
2024,NBA,Garrison Mathews,mathega01,27.0,ATL,SG,66,5.0,15.0,1.6,3.4,0.456,1.3,2.9,0.44,0.3,0.5,0.545,0.644,0.5,0.6,0.81,0.3,1.1,1.4,0.6,0.3,0.1,0.3,1.7,4.9,0
2024,NBA,Gary Harris,harriga01,29.0,ORL,SG,54,27.0,24.0,2.4,5.5,0.441,1.4,3.8,0.371,1.0,1.7,0.598,0.569,0.6,0.8,0.756,0.4,1.2,1.7,1.6,0.9,0.3,0.6,1.7,6.9,0
2024,NBA,Gary Payton II,paytoga02,31.0,GSW,SG,44,0.0,15.5,2.3,4.2,0.563,0.5,1.3,0.364,1.9,2.9,0.648,0.617,0.3,0.5,0.609,1.0,1.5,2.6,1.1,0.9,0.4,0.6,1.8,5.5,0
2024,NBA,Gary Trent Jr.,trentga02,25.0,TOR,SG,71,41.0,28.1,5.1,11.9,0.426,2.5,6.4,0.393,2.6,5.5,0.464,0.531,1.0,1.4,0.771,0.4,2.3,2.6,1.7,1.1,0.1,0.7,1.4,13.7,0
2024,NBA,Georges Niang,niangge01,30.0,CLE,PF,82,10.0,22.3,3.5,7.7,0.449,1.8,4.8,0.376,1.6,2.9,0.572,0.567,0.6,0.7,0.85,0.3,3.1,3.4,1.2,0.4,0.2,0.9,2.3,9.4,0
2024,NBA,Giannis Antetokounmpo,antetgi01,29.0,MIL,PF,73,73.0,35.2,11.5,18.8,0.611,0.5,1.7,0.274,11.0,17.1,0.645,0.624,7.0,10.7,0.657,2.7,8.8,11.5,6.5,1.2,1.1,3.4,2.9,30.4,1
2024,NBA,Goga Bitadze,bitadgo01,24.0,ORL,C,62,33.0,15.4,2.0,3.4,0.603,0.0,0.2,0.143,2.0,3.1,0.636,0.608,0.9,1.4,0.655,1.8,2.9,4.6,1.3,0.5,1.2,0.7,1.7,5.0,0
2024,NBA,Gordon Hayward,haywago01,33.0,2TM,SF,51,28.0,24.4,3.7,7.9,0.464,0.7,1.8,0.411,2.9,6.1,0.479,0.51,1.7,2.4,0.742,0.7,2.8,3.5,3.1,0.8,0.3,1.3,1.3,9.8,0
2024,NBA,Gradey Dick,dickgr01,20.0,TOR,SG,60,17.0,21.1,3.2,7.4,0.425,1.5,4.0,0.365,1.7,3.4,0.495,0.524,0.7,0.9,0.863,0.5,1.8,2.2,1.1,0.6,0.0,0.8,1.5,8.5,0
2024,NBA,Grant Williams,willigr01,25.0,2TM,PF,76,43.0,28.0,3.6,8.0,0.456,1.7,4.4,0.375,2.0,3.5,0.558,0.56,1.4,1.8,0.757,1.1,3.1,4.2,2.3,0.6,0.5,1.4,3.0,10.3,0
2024,NBA,Grayson Allen,allengr01,28.0,PHO,SG,75,74.0,33.5,4.5,9.1,0.499,2.7,5.9,0.461,1.8,3.2,0.57,0.649,1.7,2.0,0.878,0.6,3.3,3.9,3.0,0.9,0.6,1.3,2.1,13.5,0
2024,NBA,Gui Santos,santogu01,21.0,GSW,PF,23,0.0,8.3,1.2,2.4,0.509,0.4,1.2,0.37,0.8,1.2,0.643,0.6,0.7,0.7,0.941,0.7,1.4,2.1,0.6,0.2,0.1,0.3,1.0,3.6,0
2024,NBA,Harrison Barnes,barneha02,31.0,SAC,PF,82,82.0,29.0,4.2,8.9,0.474,1.8,4.7,0.387,2.4,4.2,0.571,0.576,1.9,2.4,0.801,0.8,2.2,3.0,1.2,0.7,0.1,0.7,1.2,12.2,0
2024,NBA,Harry Giles,gilesha01,25.0,2TM,C,23,0.0,4.3,1.0,2.2,0.46,0.1,0.6,0.214,0.9,1.6,0.556,0.49,0.3,0.6,0.538,0.5,0.8,1.3,0.3,0.1,0.1,0.3,0.7,2.4,0
2024,NBA,Haywood Highsmith,highsha01,27.0,MIA,PF,66,26.0,20.7,2.3,5.0,0.465,1.2,2.9,0.396,1.2,2.1,0.562,0.581,0.3,0.5,0.639,1.0,2.2,3.2,1.1,0.8,0.5,0.5,1.8,6.1,0
2024,NBA,Herbert Jones,joneshe01,25.0,NOP,SF,76,76.0,30.5,3.9,7.7,0.498,1.5,3.6,0.418,2.4,4.1,0.568,0.595,1.8,2.1,0.867,1.0,2.6,3.6,2.6,1.4,0.8,1.2,2.9,11.0,0
2024,NBA,Ibou Badji,badjiib01,21.0,POR,C,22,1.0,10.3,0.6,1.0,0.636,0.0,0.0,0.0,0.6,1.0,0.636,0.636,0.3,0.5,0.5,0.9,1.4,2.3,0.6,0.1,0.9,0.7,2.1,1.5,0
2024,NBA,Immanuel Quickley,quickim01,24.0,2TM,SG,68,38.0,29.2,5.7,13.1,0.434,2.5,6.4,0.395,3.2,6.8,0.471,0.53,3.1,3.6,0.853,0.3,3.6,3.8,4.9,0.7,0.1,1.5,1.8,17.0,0
2024,NBA,Isaac Okoro,okorois01,23.0,CLE,SF,69,42.0,27.3,3.4,7.0,0.49,1.2,3.1,0.391,2.2,3.8,0.57,0.577,1.3,2.0,0.679,1.0,2.0,3.0,1.9,0.8,0.5,0.8,2.0,9.4,0
2024,NBA,Isaiah Hartenstein,harteis01,25.0,NYK,C,75,49.0,25.3,3.1,4.9,0.644,0.0,0.0,0.333,3.1,4.8,0.646,0.645,1.5,2.1,0.707,3.3,5.1,8.3,2.5,1.2,1.1,1.2,2.8,7.8,0
2024,NBA,Isaiah Jackson,jacksis01,22.0,IND,C,59,3.0,13.1,2.6,3.9,0.665,0.0,0.1,0.0,2.6,3.9,0.677,0.665,1.2,1.7,0.716,1.6,2.4,4.0,0.8,0.6,1.0,0.7,2.3,6.5,0
2024,NBA,Isaiah Joe,joeis01,24.0,OKC,SG,78,1.0,18.5,2.8,6.2,0.458,1.9,4.5,0.416,1.0,1.7,0.568,0.609,0.6,0.7,0.865,0.4,1.9,2.3,1.3,0.6,0.3,0.6,1.1,8.2,0
2024,NBA,Isaiah Livers,liveris01,25.0,DET,PF,23,6.0,20.4,1.7,5.0,0.345,1.0,3.3,0.286,0.8,1.7,0.462,0.44,0.5,0.8,0.667,0.7,1.4,2.1,1.1,0.6,0.2,0.7,1.9,5.0,0
2024,NBA,Isaiah Stewart,stewais01,22.0,DET,PF,46,45.0,30.9,4.0,8.3,0.487,1.5,3.8,0.383,2.6,4.5,0.575,0.575,1.4,1.8,0.753,1.6,5.0,6.6,1.6,0.4,0.8,1.4,2.2,10.9,0
2024,NBA,Ish Smith,smithis01,35.0,CHO,PG,43,5.0,17.2,1.5,3.7,0.418,0.1,0.2,0.5,1.4,3.5,0.413,0.43,0.1,0.1,0.75,0.3,1.5,1.8,3.4,0.4,0.1,1.1,1.1,3.2,0
2024,NBA,Ivica Zubac,zubaciv01,26.0,LAC,C,68,68.0,26.4,5.0,7.6,0.649,0.0,0.0,0.0,5.0,7.6,0.649,0.649,1.8,2.4,0.723,2.9,6.3,9.2,1.4,0.3,1.2,1.2,2.6,11.7,0
2024,NBA,JT Thor,thorjt01,21.0,CHO,PF,63,3.0,12.4,1.3,2.9,0.437,0.4,1.3,0.346,0.8,1.6,0.51,0.514,0.2,0.3,0.55,0.7,1.6,2.3,0.5,0.2,0.4,0.2,1.0,3.2,0
2024,NBA,JaVale McGee,mcgeeja01,36.0,SAC,C,46,0.0,7.4,1.7,2.9,0.598,0.0,0.2,0.143,1.7,2.7,0.624,0.602,0.6,1.0,0.578,0.9,1.8,2.7,0.4,0.3,0.4,0.7,1.0,4.0,0
2024,NBA,Jabari Smith Jr.,smithja05,20.0,HOU,PF,76,76.0,31.9,5.0,11.0,0.454,1.8,5.0,0.363,3.2,6.0,0.53,0.537,2.0,2.4,0.811,1.8,6.3,8.1,1.6,0.7,0.8,1.2,2.6,13.7,0
2024,NBA,Jabari Walker,walkeja01,21.0,POR,SF,72,23.0,23.6,3.3,7.1,0.46,0.6,1.9,0.295,2.7,5.1,0.522,0.5,1.8,2.4,0.754,2.1,5.0,7.1,1.0,0.6,0.3,0.9,2.4,8.9,0
2024,NBA,Jacob Gilyard,gilyaja01,25.0,2TM,PG,41,14.0,17.0,1.5,3.7,0.4,1.2,3.1,0.405,0.2,0.6,0.375,0.57,0.0,0.0,1.0,0.2,0.9,1.1,3.3,0.8,0.1,0.7,1.0,4.2,0
2024,NBA,Jaden Hardy,hardyja02,21.0,DAL,SG,73,7.0,13.5,2.7,6.6,0.407,1.1,3.1,0.362,1.6,3.5,0.447,0.492,0.8,1.0,0.776,0.3,1.5,1.8,1.5,0.3,0.1,0.8,1.1,7.3,0
2024,NBA,Jaden Ivey,iveyja01,21.0,DET,SG,77,61.0,28.8,5.4,12.6,0.429,1.6,4.8,0.336,3.8,7.8,0.485,0.492,2.9,3.9,0.749,1.1,2.3,3.4,3.8,0.7,0.5,2.5,2.6,15.4,0
2024,NBA,Jaden McDaniels,mcdanja02,23.0,MIN,SF,72,71.0,29.2,4.3,8.7,0.489,1.2,3.5,0.337,3.1,5.2,0.592,0.557,0.8,1.1,0.722,0.8,2.3,3.1,1.4,0.9,0.6,1.2,3.0,10.5,0
2024,NBA,Jaden Springer,sprinja01,21.0,2TM,SG,49,2.0,10.3,1.2,3.0,0.399,0.2,1.0,0.208,1.0,2.0,0.49,0.432,0.7,0.9,0.833,0.7,0.9,1.6,0.9,0.7,0.3,0.7,1.3,3.3,0
2024,NBA,Jae Crowder,crowdja01,33.0,MIL,PF,50,25.0,23.1,2.3,5.4,0.422,1.2,3.3,0.349,1.1,2.1,0.538,0.53,0.5,0.7,0.722,0.6,2.6,3.2,1.3,0.8,0.2,0.5,1.5,6.2,0
2024,NBA,Jae'Sean Tate,tateja01,28.0,HOU,SF,65,9.0,15.9,1.7,3.5,0.472,0.4,1.2,0.299,1.3,2.3,0.559,0.522,0.4,0.6,0.667,0.9,2.1,3.0,1.0,0.6,0.2,0.6,2.1,4.1,0
2024,NBA,Jaime Jaquez Jr.,jaqueja01,22.0,MIA,SF,75,20.0,28.2,4.5,9.3,0.489,0.9,2.7,0.322,3.7,6.6,0.558,0.536,1.9,2.3,0.811,1.1,2.7,3.8,2.6,1.0,0.3,1.5,2.2,11.9,0
2024,NBA,Jake LaRavia,laravja01,22.0,MEM,PF,35,6.0,23.0,3.4,8.7,0.389,1.5,4.5,0.34,1.9,4.2,0.442,0.477,2.6,3.1,0.826,1.5,2.2,3.7,1.7,0.8,0.3,1.3,2.0,10.8,0
2024,NBA,Jakob Poeltl,poeltja01,28.0,TOR,C,50,50.0,26.4,5.0,7.6,0.656,0.0,0.0,0.0,5.0,7.6,0.656,0.656,1.2,2.1,0.551,2.9,5.7,8.6,2.5,0.7,1.5,1.5,3.0,11.1,0
2024,NBA,Jalen Brunson,brunsja01,27.0,NYK,PG,77,77.0,35.4,10.3,21.4,0.479,2.7,6.8,0.401,7.5,14.6,0.516,0.543,5.5,6.5,0.847,0.6,3.1,3.6,6.7,0.9,0.2,2.4,1.9,28.7,1
2024,NBA,Jalen Duren,durenja01,20.0,DET,C,61,60.0,29.1,5.7,9.2,0.619,0.0,0.1,0.0,5.7,9.2,0.623,0.619,2.3,3.0,0.79,3.1,8.5,11.6,2.4,0.5,0.8,2.1,3.1,13.8,0
2024,NBA,Jalen Green,greenja05,21.0,HOU,SG,82,82.0,31.7,6.9,16.2,0.423,2.5,7.4,0.332,4.4,8.9,0.498,0.498,3.5,4.3,0.804,0.5,4.7,5.2,3.5,0.8,0.3,2.3,1.4,19.6,0
2024,NBA,Jalen Hood-Schifino,hoodsja01,20.0,LAL,SG,21,0.0,5.2,0.5,2.1,0.222,0.1,0.7,0.133,0.4,1.4,0.267,0.244,0.6,1.0,0.6,0.1,0.5,0.6,0.4,0.1,0.1,0.4,0.6,1.6,0
2024,NBA,Jalen Johnson,johnsja05,22.0,ATL,SF,56,52.0,33.7,6.4,12.5,0.511,1.3,3.6,0.355,5.1,9.0,0.574,0.562,1.9,2.6,0.728,1.3,7.4,8.7,3.6,1.2,0.8,1.8,2.4,16.0,0
2024,NBA,Jalen McDaniels,mcdanja01,26.0,TOR,SF,50,1.0,10.8,1.3,3.8,0.344,0.2,1.4,0.169,1.1,2.4,0.449,0.376,0.5,0.7,0.73,0.4,1.2,1.6,0.7,0.4,0.1,0.6,1.0,3.4,0
2024,NBA,Jalen Pickett,pickeja02,24.0,DEN,SG,27,0.0,4.5,0.6,1.3,0.429,0.3,0.9,0.36,0.2,0.4,0.6,0.557,0.1,0.1,0.75,0.0,0.5,0.5,0.8,0.1,0.0,0.3,0.5,1.6,0
2024,NBA,Jalen Smith,smithja04,23.0,IND,C,61,14.0,17.2,3.8,6.5,0.592,1.0,2.4,0.424,2.8,4.1,0.689,0.67,1.2,1.7,0.692,1.8,3.7,5.5,1.0,0.3,0.6,0.7,2.0,9.9,0
2024,NBA,Jalen Suggs,suggsja01,22.0,ORL,SG,75,75.0,27.0,4.5,9.5,0.471,2.0,5.1,0.397,2.4,4.4,0.556,0.578,1.6,2.1,0.756,0.6,2.4,3.1,2.7,1.4,0.6,1.8,2.7,12.6,0
2024,NBA,Jalen Williams,willija06,22.0,OKC,PF,71,71.0,31.3,7.5,14.0,0.54,1.5,3.4,0.427,6.1,10.6,0.576,0.592,2.5,3.1,0.814,0.5,3.5,4.0,4.5,1.1,0.6,1.7,2.5,19.1,0
2024,NBA,Jalen Wilson,wilsoja03,23.0,BRK,PF,43,3.0,15.4,1.8,4.2,0.425,0.6,1.7,0.324,1.2,2.4,0.495,0.492,0.9,1.1,0.826,1.1,2.0,3.0,1.0,0.3,0.1,0.4,1.1,5.0,0
2024,NBA,Jamal Cain,cainja01,24.0,MIA,PF,26,1.0,10.0,1.3,3.0,0.43,0.4,1.2,0.355,0.9,1.8,0.479,0.5,0.7,0.9,0.783,0.6,0.8,1.4,0.4,0.4,0.2,0.3,0.8,3.7,0
2024,NBA,Jamal Murray,murraja01,26.0,DEN,PG,59,59.0,31.5,8.0,16.7,0.481,2.5,5.8,0.425,5.6,10.9,0.51,0.554,2.7,3.1,0.853,0.7,3.4,4.1,6.5,1.0,0.7,2.1,1.8,21.2,0
2024,NBA,James Harden,hardeja01,34.0,LAC,PG,72,72.0,34.3,4.9,11.4,0.428,2.6,6.8,0.381,2.3,4.6,0.497,0.541,4.2,4.8,0.878,0.5,4.7,5.1,8.5,1.1,0.8,2.6,1.8,16.6,0
2024,NBA,James Wiseman,wisemja01,22.0,DET,C,63,6.0,17.3,3.0,4.8,0.613,0.0,0.0,0.0,3.0,4.8,0.617,0.613,1.1,1.6,0.706,1.7,3.6,5.3,0.9,0.2,0.6,1.0,2.2,7.1,0
2024,NBA,Jarace Walker,walkeja02,20.0,IND,PF,33,0.0,10.3,1.4,3.3,0.409,0.7,1.7,0.4,0.7,1.7,0.418,0.509,0.2,0.3,0.889,0.4,1.5,1.9,1.2,0.5,0.3,0.5,0.9,3.6,0
2024,NBA,Jared Butler,butleja02,23.0,WAS,SG,40,0.0,14.2,2.5,5.0,0.488,0.6,2.0,0.308,1.9,3.1,0.602,0.547,0.8,0.9,0.861,0.2,1.2,1.5,3.2,0.7,0.2,1.3,1.5,6.3,0
2024,NBA,Jaren Jackson Jr.,jacksja02,24.0,MEM,C,66,66.0,32.2,7.8,17.6,0.444,1.8,5.5,0.32,6.0,12.1,0.501,0.494,5.1,6.3,0.808,1.3,4.2,5.5,2.3,1.2,1.6,2.4,3.6,22.5,0
2024,NBA,Jarred Vanderbilt,vandeja01,24.0,LAL,PF,29,6.0,20.0,2.0,3.9,0.518,0.3,0.9,0.296,1.8,3.0,0.586,0.553,0.8,1.2,0.667,1.4,3.3,4.8,1.2,1.2,0.2,1.0,1.5,5.2,0
2024,NBA,Jarrett Allen,allenja01,25.0,CLE,C,77,77.0,31.7,6.7,10.6,0.634,0.0,0.1,0.0,6.7,10.6,0.638,0.634,3.0,4.1,0.742,3.2,7.4,10.5,2.7,0.7,1.1,1.6,1.9,16.5,0
2024,NBA,Javon Freeman-Liberty,freemja01,24.0,TOR,PG,22,6.0,18.3,2.5,5.6,0.444,0.5,1.9,0.238,2.0,3.7,0.549,0.484,1.5,1.6,0.917,0.7,2.5,3.2,1.8,0.5,0.2,1.1,1.3,7.0,0
2024,NBA,Jaxson Hayes,hayesja02,23.0,LAL,C,70,5.0,12.5,1.8,2.5,0.72,0.0,0.1,0.0,1.8,2.4,0.754,0.72,0.7,1.2,0.622,1.0,2.0,3.0,0.5,0.5,0.4,0.6,1.8,4.3,0
2024,NBA,Jay Huff,huffja01,25.0,DEN,C,20,0.0,2.5,0.5,0.8,0.6,0.2,0.5,0.333,0.3,0.3,1.0,0.7,0.1,0.1,1.0,0.1,0.5,0.6,0.1,0.1,0.2,0.1,0.5,1.2,0
2024,NBA,Jaylen Brown,brownja02,27.0,BOS,SF,70,70.0,33.5,9.0,17.9,0.499,2.1,5.9,0.354,6.9,12.1,0.57,0.557,3.0,4.3,0.703,1.2,4.3,5.5,3.6,1.2,0.5,2.4,2.6,23.0,1
2024,NBA,Jaylin Williams,willija07,21.0,OKC,C,69,1.0,13.0,1.4,3.3,0.417,0.8,2.1,0.368,0.6,1.2,0.5,0.533,0.5,0.6,0.805,0.5,2.9,3.4,1.6,0.4,0.4,0.5,1.4,4.0,0
2024,NBA,Jayson Tatum,tatumja01,25.0,BOS,PF,74,74.0,35.7,9.1,19.3,0.471,3.1,8.2,0.376,6.0,11.0,0.542,0.552,5.6,6.7,0.833,0.9,7.2,8.1,4.9,1.0,0.6,2.5,2.0,26.9,1
2024,NBA,Jeenathan Williams,willije02,24.0,HOU,SG,22,0.0,5.9,1.2,2.3,0.54,0.1,0.2,0.4,1.1,2.0,0.556,0.56,0.3,0.6,0.538,0.5,0.5,1.0,0.3,0.2,0.0,0.2,0.5,2.9,0
2024,NBA,Jeff Green,greenje02,37.0,HOU,PF,78,6.0,16.8,2.1,4.7,0.456,0.7,2.1,0.331,1.5,2.6,0.553,0.529,1.6,1.9,0.819,0.6,1.7,2.3,0.9,0.2,0.4,0.6,1.3,6.5,0
2024,NBA,Jerami Grant,grantje01,29.0,POR,PF,54,54.0,33.9,7.1,15.7,0.451,2.1,5.1,0.402,5.0,10.6,0.474,0.516,4.7,5.8,0.817,0.7,2.9,3.5,2.8,0.8,0.6,2.1,2.2,21.0,0
2024,NBA,Jeremiah Robinson-Earl,robinje02,23.0,NOP,PF,39,1.0,8.6,1.2,2.4,0.474,0.3,1.0,0.333,0.8,1.4,0.571,0.542,0.3,0.4,0.75,0.6,1.4,1.9,0.5,0.3,0.1,0.4,0.6,2.9,0
2024,NBA,Jeremy Sochan,sochaje01,20.0,SAS,PF,74,73.0,29.6,4.6,10.5,0.438,0.9,3.1,0.308,3.6,7.4,0.492,0.483,1.5,1.9,0.771,1.9,4.6,6.4,3.4,0.8,0.5,1.9,2.3,11.6,0
2024,NBA,Jericho Sims,simsje01,25.0,NYK,C,45,11.0,13.0,0.8,1.2,0.691,0.0,0.0,0.0,0.8,1.2,0.691,0.691,0.4,0.5,0.667,1.2,2.0,3.3,0.6,0.2,0.4,0.4,1.0,2.0,0
2024,NBA,Jerome Robinson,robinje01,26.0,GSW,SG,22,0.0,3.7,0.5,1.5,0.333,0.1,0.8,0.118,0.4,0.7,0.563,0.364,0.3,0.5,0.636,0.0,0.2,0.3,0.2,0.0,0.1,0.1,0.2,1.4,0
2024,NBA,Jevon Carter,carteje01,28.0,CHI,PG,72,0.0,13.9,1.9,5.1,0.378,1.1,3.3,0.329,0.8,1.8,0.466,0.484,0.1,0.1,0.571,0.2,0.7,0.8,1.3,0.5,0.2,0.5,1.0,5.0,0
2024,NBA,Jimmy Butler,butleji01,34.0,MIA,PF,60,60.0,34.0,6.6,13.2,0.499,1.0,2.4,0.414,5.6,10.8,0.519,0.537,6.6,7.7,0.858,1.8,3.6,5.3,5.0,1.3,0.3,1.7,1.1,20.8,0
2024,NBA,Jock Landale,landajo01,28.0,HOU,C,56,3.0,13.6,1.9,3.7,0.515,0.2,0.7,0.25,1.7,3.0,0.578,0.539,0.9,1.2,0.8,1.6,1.5,3.1,1.2,0.4,0.6,0.6,1.3,4.9,0
2024,NBA,Joe Ingles,inglejo01,36.0,ORL,SF,68,0.0,17.2,1.5,3.3,0.436,1.0,2.4,0.435,0.4,1.0,0.439,0.59,0.4,0.5,0.824,0.3,1.8,2.1,3.0,0.6,0.1,1.0,1.3,4.4,0
2024,NBA,Joel Embiid,embiijo01,29.0,PHI,C,39,39.0,33.6,11.5,21.8,0.529,1.4,3.6,0.388,10.2,18.3,0.556,0.561,10.2,11.6,0.883,2.4,8.6,11.0,5.6,1.2,1.7,3.8,2.9,34.7,1
2024,NBA,John Collins,collijo01,26.0,UTA,PF,68,66.0,28.0,5.8,11.0,0.532,1.3,3.4,0.371,4.6,7.6,0.605,0.59,2.2,2.7,0.795,2.3,6.1,8.5,1.1,0.6,0.9,1.4,2.8,15.1,0
2024,NBA,John Konchar,konchjo01,27.0,MEM,SF,55,23.0,21.3,1.6,3.8,0.423,0.7,2.2,0.317,0.9,1.6,0.568,0.514,0.4,0.5,0.84,1.3,3.4,4.7,2.0,0.9,0.9,0.8,1.4,4.3,0
2024,NBA,Johnny Davis,davisjo06,21.0,WAS,SG,50,6.0,12.3,1.2,3.1,0.403,0.3,0.8,0.35,1.0,2.3,0.421,0.448,0.3,0.5,0.583,0.4,1.1,1.4,0.6,0.4,0.2,0.3,1.1,3.0,0
2024,NBA,Johnny Juzang,juzanjo01,22.0,UTA,SG,20,5.0,18.6,2.6,5.5,0.464,1.6,3.9,0.416,1.0,1.7,0.576,0.609,0.5,0.7,0.714,0.4,1.5,1.8,1.2,0.2,0.1,0.7,1.5,7.2,0
2024,NBA,Jonas Valančiūnas,valanjo01,31.0,NOP,C,82,82.0,23.5,4.9,8.8,0.559,0.5,1.5,0.308,4.5,7.3,0.609,0.585,2.0,2.5,0.785,2.3,6.5,8.8,2.1,0.4,0.8,1.4,2.7,12.2,0
2024,NBA,Jonathan Isaac,isaacjo01,26.0,ORL,PF,58,2.0,15.8,2.5,4.9,0.51,0.7,1.9,0.375,1.8,3.0,0.598,0.584,1.0,1.4,0.72,1.3,3.2,4.5,0.5,0.7,1.2,0.5,1.1,6.8,0
2024,NBA,Jonathan Kuminga,kuminjo01,21.0,GSW,PF,74,46.0,26.3,6.2,11.6,0.529,0.7,2.2,0.321,5.4,9.4,0.578,0.56,3.0,4.0,0.746,1.2,3.6,4.8,2.2,0.7,0.5,1.6,2.3,16.1,0
2024,NBA,Jontay Porter,portejo01,24.0,TOR,PF,26,5.0,13.8,1.5,4.0,0.385,0.8,2.3,0.333,0.8,1.7,0.455,0.481,0.6,0.7,0.833,1.0,2.2,3.2,2.3,0.8,0.8,0.8,1.3,4.4,0
2024,NBA,Jordan Clarkson,clarkjo01,31.0,UTA,SG,55,19.0,30.6,6.1,14.8,0.413,1.7,5.6,0.294,4.5,9.2,0.485,0.469,3.2,3.7,0.881,0.9,2.5,3.4,5.0,0.6,0.1,2.7,1.5,17.1,0
2024,NBA,Jordan Goodwin,goodwjo01,25.0,2TM,PG,57,12.0,18.5,2.5,6.7,0.369,0.7,2.5,0.298,1.7,4.2,0.411,0.424,0.8,1.0,0.746,1.5,2.9,4.4,2.7,0.8,0.3,1.0,1.3,6.5,0
2024,NBA,Jordan Hawkins,hawkijo01,21.0,NOP,SG,67,10.0,17.3,2.6,6.8,0.382,1.6,4.4,0.366,1.0,2.4,0.411,0.501,1.0,1.2,0.838,0.4,1.8,2.2,1.0,0.3,0.1,0.6,1.1,7.8,0
2024,NBA,Jordan McLaughlin,mclaujo01,27.0,MIN,PG,56,0.0,11.2,1.3,2.6,0.483,0.8,1.6,0.472,0.5,1.0,0.5,0.628,0.2,0.3,0.722,0.3,1.0,1.3,2.0,0.6,0.1,0.3,0.6,3.5,0
2024,NBA,Jordan Nwora,nworajo01,25.0,2TM,SF,52,1.0,13.7,2.7,5.8,0.462,0.8,2.5,0.336,1.8,3.2,0.56,0.535,0.8,1.0,0.83,0.5,2.3,2.9,1.2,0.5,0.3,1.0,0.9,7.0,0
2024,NBA,Jordan Poole,poolejo01,24.0,WAS,SG,78,66.0,30.1,6.3,15.2,0.413,2.4,7.2,0.326,3.9,8.0,0.492,0.491,2.5,2.8,0.877,0.4,2.3,2.7,4.4,1.1,0.3,2.4,3.1,17.4,0
2024,NBA,Jose Alvarado,alvarjo01,25.0,NOP,PG,56,0.0,18.4,2.5,6.2,0.412,1.4,3.7,0.377,1.1,2.5,0.464,0.525,0.6,0.9,0.673,0.4,1.8,2.3,2.1,1.1,0.3,0.7,1.6,7.1,0
2024,NBA,Josh Giddey,giddejo01,21.0,OKC,SG,80,80.0,25.1,5.0,10.6,0.475,1.0,3.0,0.337,4.0,7.6,0.53,0.523,1.3,1.6,0.806,1.4,5.0,6.4,4.8,0.6,0.6,2.1,1.4,12.3,0
2024,NBA,Josh Green,greenjo02,23.0,DAL,SG,57,33.0,26.4,3.1,6.6,0.479,1.3,3.3,0.385,1.9,3.3,0.572,0.575,0.7,1.0,0.684,0.7,2.5,3.2,2.3,0.8,0.2,1.1,1.9,8.2,0
2024,NBA,Josh Hart,hartjo01,28.0,NYK,SF,81,42.0,33.4,3.6,8.4,0.434,1.0,3.2,0.31,2.7,5.2,0.511,0.493,1.1,1.4,0.791,1.6,6.8,8.3,4.1,0.9,0.3,1.5,2.1,9.4,0
2024,NBA,Josh Minott,minotjo01,21.0,MIN,SF,32,0.0,2.8,0.5,1.1,0.472,0.1,0.3,0.4,0.4,0.8,0.5,0.528,0.4,0.4,0.857,0.1,0.4,0.5,0.3,0.2,0.2,0.1,0.3,1.6,0
2024,NBA,Josh Okogie,okogijo01,25.0,PHO,SG,60,11.0,16.0,1.4,3.4,0.417,0.5,1.6,0.309,1.0,1.9,0.509,0.488,1.3,1.7,0.745,1.2,1.3,2.6,1.1,0.8,0.4,0.6,1.1,4.6,0
2024,NBA,Josh Richardson,richajo01,30.0,MIA,SG,43,6.0,25.7,3.6,8.1,0.444,1.5,4.4,0.347,2.0,3.7,0.561,0.539,1.2,1.3,0.944,0.4,2.4,2.8,2.4,0.6,0.3,0.8,1.8,9.9,0
2024,NBA,Jrue Holiday,holidjr01,33.0,BOS,PG,69,69.0,32.8,4.8,10.0,0.48,2.0,4.7,0.429,2.8,5.3,0.526,0.581,0.9,1.0,0.833,1.2,4.2,5.4,4.8,0.9,0.8,1.8,1.6,12.5,0
2024,NBA,Julian Champagnie,champju02,22.0,SAS,SF,74,59.0,19.8,2.2,5.4,0.408,1.4,3.7,0.365,0.9,1.7,0.504,0.534,1.0,1.2,0.815,0.6,2.2,2.8,1.4,0.6,0.6,0.8,1.0,6.8,0
2024,NBA,Julian Phillips,phillju01,20.0,CHI,SF,40,0.0,8.1,0.8,1.9,0.416,0.3,1.0,0.316,0.5,1.0,0.513,0.494,0.3,0.5,0.684,0.3,0.6,0.9,0.3,0.2,0.2,0.3,1.0,2.2,0
2024,NBA,Julian Strawther,strawju01,21.0,DEN,SF,50,0.0,10.9,1.6,4.4,0.369,0.8,2.8,0.297,0.8,1.7,0.488,0.462,0.4,0.6,0.71,0.1,1.1,1.2,0.9,0.3,0.1,0.5,1.1,4.5,0
2024,NBA,Julius Randle,randlju01,29.0,NYK,PF,46,46.0,35.4,8.6,18.2,0.472,1.7,5.3,0.311,6.9,12.9,0.539,0.518,5.1,6.6,0.781,2.2,7.0,9.2,5.0,0.5,0.3,3.5,2.7,24.0,1
2024,NBA,Justin Holiday,holidju01,34.0,DEN,SG,58,9.0,14.9,1.5,3.3,0.454,0.9,2.3,0.404,0.6,1.0,0.569,0.595,0.1,0.1,0.75,0.2,1.1,1.2,1.2,0.6,0.2,0.2,1.2,4.0,0
2024,NBA,Justin Minaya,minayju01,24.0,POR,SF,34,1.0,11.2,0.6,2.2,0.297,0.4,1.4,0.245,0.3,0.7,0.4,0.378,0.1,0.3,0.556,0.9,0.8,1.6,0.6,0.3,0.3,0.3,1.0,1.8,0
2024,NBA,Jusuf Nurkić,nurkiju01,29.0,PHO,C,76,76.0,27.3,4.2,8.3,0.51,0.3,1.2,0.244,3.9,7.1,0.555,0.528,2.2,3.4,0.64,2.9,8.1,11.0,4.0,1.1,1.1,2.3,3.3,10.9,0
2024,NBA,KJ Martin,martike04,23.0,2TM,SF,60,2.0,12.4,1.6,3.0,0.536,0.1,0.5,0.286,1.5,2.6,0.582,0.558,0.4,0.7,0.537,0.7,1.5,2.2,0.9,0.4,0.2,0.5,1.7,3.7,0
2024,NBA,Karl-Anthony Towns,townska01,28.0,MIN,PF,62,62.0,32.7,7.7,15.3,0.504,2.2,5.3,0.416,5.5,10.1,0.55,0.575,4.1,4.7,0.873,1.5,6.8,8.3,3.0,0.7,0.7,2.9,3.3,21.8,1
2024,NBA,Kawhi Leonard,leonaka01,32.0,LAC,SF,68,68.0,34.3,9.0,17.1,0.525,2.1,4.9,0.417,6.9,12.1,0.569,0.585,3.7,4.2,0.885,1.2,4.9,6.1,3.6,1.6,0.9,1.8,1.4,23.7,1
2024,NBA,Keegan Murray,murrake02,23.0,SAC,SF,77,77.0,33.6,5.8,12.7,0.454,2.4,6.6,0.358,3.4,6.0,0.56,0.548,1.3,1.6,0.831,1.4,4.1,5.5,1.7,1.0,0.8,0.8,2.7,15.2,0
2024,NBA,Keita Bates-Diop,bateske01,28.0,2TM,SF,53,8.0,12.5,1.4,3.1,0.434,0.4,1.3,0.304,1.0,1.8,0.526,0.497,0.6,0.8,0.762,0.6,1.5,2.1,0.7,0.5,0.4,0.3,0.7,3.7,0
2024,NBA,Keldon Johnson,johnske04,24.0,SAS,SF,69,27.0,29.5,5.7,12.5,0.454,1.8,5.3,0.346,3.8,7.2,0.533,0.527,2.5,3.2,0.792,1.4,4.1,5.5,2.8,0.7,0.3,1.4,2.2,15.7,0
2024,NBA,Kelly Olynyk,olynyke01,32.0,2TM,C,78,27.0,22.6,3.5,6.4,0.555,0.8,2.0,0.387,2.8,4.4,0.632,0.616,1.9,2.3,0.833,1.4,3.9,5.3,4.4,0.9,0.4,1.9,2.9,9.8,0
2024,NBA,Kelly Oubre Jr.,oubreke01,28.0,PHI,SF,68,52.0,30.2,5.7,12.9,0.441,1.5,4.8,0.311,4.2,8.1,0.517,0.498,2.6,3.4,0.75,1.4,3.6,5.0,1.5,1.1,0.7,1.3,2.9,15.4,0
2024,NBA,Kenneth Lofton Jr.,loftoke01,21.0,3TM,PF,21,0.0,9.5,1.7,3.7,0.462,0.3,1.1,0.292,1.4,2.6,0.537,0.506,0.8,1.2,0.654,0.6,1.2,1.8,1.6,0.3,0.2,0.7,1.1,4.6,0
2024,NBA,Kenrich Williams,willike04,29.0,OKC,PF,69,1.0,14.9,1.9,4.1,0.468,0.8,2.0,0.397,1.1,2.0,0.54,0.568,0.1,0.2,0.5,0.9,2.1,3.0,1.3,0.6,0.1,0.5,1.5,4.7,0
2024,NBA,Kentavious Caldwell-Pope,caldwke01,30.0,DEN,SG,76,76.0,31.6,3.6,7.7,0.46,1.6,4.1,0.406,1.9,3.7,0.52,0.566,1.3,1.5,0.894,0.4,2.0,2.4,2.4,1.3,0.6,1.0,2.0,10.1,0
2024,NBA,Keon Ellis,elliske01,24.0,SAC,SG,57,21.0,17.2,1.9,4.1,0.461,1.2,2.9,0.417,0.6,1.1,0.578,0.612,0.5,0.6,0.743,0.6,1.6,2.2,1.5,0.9,0.5,0.6,2.0,5.4,0
2024,NBA,Kessler Edwards,edwarke02,23.0,SAC,SF,54,0.0,5.1,0.6,1.5,0.415,0.4,1.0,0.385,0.3,0.6,0.467,0.537,0.1,0.2,0.556,0.2,0.6,0.8,0.3,0.2,0.1,0.1,0.5,1.7,0
2024,NBA,Kevin Durant,duranke01,35.0,PHO,PF,75,75.0,37.2,10.0,19.1,0.523,2.2,5.4,0.413,7.8,13.7,0.567,0.581,4.8,5.6,0.856,0.5,6.1,6.6,5.0,0.9,1.2,3.3,1.8,27.1,1
2024,NBA,Kevin Huerter,huertke01,25.0,SAC,SG,64,59.0,24.4,3.9,8.8,0.443,1.9,5.3,0.361,2.0,3.4,0.571,0.553,0.6,0.7,0.766,0.6,2.9,3.5,2.6,0.7,0.4,0.8,2.1,10.2,0
2024,NBA,Kevin Knox,knoxke01,24.0,DET,SF,31,11.0,18.1,2.8,6.0,0.462,1.0,3.0,0.33,1.8,3.0,0.598,0.546,0.6,0.7,0.909,0.6,1.8,2.4,0.7,0.4,0.2,0.7,1.6,7.2,0
2024,NBA,Kevin Love,loveke01,35.0,MIA,PF,55,5.0,16.8,2.9,6.5,0.44,1.5,4.4,0.344,1.3,2.1,0.643,0.557,1.5,2.0,0.787,1.1,5.1,6.1,2.1,0.3,0.2,0.9,1.8,8.8,0
2024,NBA,Kevon Looney,looneke01,27.0,GSW,C,74,36.0,16.1,1.9,3.1,0.597,0.0,0.0,0.0,1.9,3.1,0.599,0.597,0.8,1.1,0.675,1.9,3.7,5.7,1.8,0.4,0.4,0.7,2.1,4.5,0
2024,NBA,Keyonte George,georgke01,20.0,UTA,PG,75,44.0,27.0,4.3,10.9,0.391,2.0,5.9,0.334,2.3,5.0,0.459,0.482,2.5,3.0,0.848,0.2,2.6,2.8,4.4,0.5,0.1,2.5,1.2,13.0,0
2024,NBA,Khris Middleton,middlkh01,32.0,MIL,SF,55,55.0,27.0,5.8,11.7,0.493,1.7,4.5,0.381,4.1,7.2,0.563,0.566,1.8,2.2,0.833,0.7,3.9,4.7,5.3,0.9,0.3,2.3,2.6,15.1,0
2024,NBA,Killian Hayes,hayeski01,22.0,DET,PG,42,31.0,24.0,2.8,6.7,0.413,0.5,1.8,0.297,2.3,5.0,0.455,0.452,0.8,1.2,0.66,0.3,2.6,2.8,4.9,0.9,0.5,1.2,1.8,6.9,0
2024,NBA,Kira Lewis Jr.,lewiski01,22.0,3TM,PG,28,0.0,9.5,1.2,3.3,0.37,0.1,1.2,0.121,1.1,2.1,0.508,0.391,0.6,0.7,0.85,0.3,0.6,0.9,1.3,0.3,0.1,0.5,0.5,3.2,0
2024,NBA,Klay Thompson,thompkl01,33.0,GSW,SF,77,63.0,29.7,6.4,14.7,0.432,3.5,9.0,0.387,2.9,5.7,0.503,0.551,1.6,1.8,0.927,0.5,2.8,3.3,2.3,0.6,0.5,1.5,1.6,17.9,0
2024,NBA,Kobe Brown,brownko01,24.0,LAC,PF,44,0.0,9.0,0.8,2.0,0.411,0.3,1.1,0.292,0.5,1.0,0.548,0.489,0.0,0.0,0.5,0.5,1.0,1.4,0.6,0.3,0.1,0.2,1.1,2.0,0
2024,NBA,Kris Dunn,dunnkr01,29.0,UTA,PG,66,32.0,18.9,2.2,4.7,0.47,0.6,1.7,0.369,1.6,3.1,0.525,0.535,0.3,0.5,0.688,0.8,2.1,2.9,3.8,1.0,0.4,1.2,2.0,5.4,0
2024,NBA,Kris Murray,murrakr01,23.0,POR,SF,62,29.0,21.7,2.3,5.9,0.396,0.8,3.0,0.268,1.5,3.0,0.525,0.463,0.6,0.9,0.661,1.4,2.2,3.6,1.3,0.9,0.3,0.9,1.5,6.1,0
2024,NBA,Kristaps Porziņģis,porzikr01,28.0,BOS,C,57,57.0,29.6,6.8,13.2,0.516,1.9,5.1,0.375,4.9,8.1,0.606,0.589,4.5,5.3,0.858,1.7,5.5,7.2,2.0,0.7,1.9,1.6,2.7,20.1,0
2024,NBA,Kyle Anderson,anderky01,30.0,MIN,PF,79,10.0,22.6,2.5,5.5,0.46,0.1,0.6,0.229,2.4,4.9,0.488,0.472,1.2,1.7,0.708,0.8,2.7,3.5,4.2,0.9,0.6,1.2,1.6,6.4,0
2024,NBA,Kyle Kuzma,kuzmaky01,28.0,WAS,PF,70,70.0,32.6,8.7,18.8,0.463,2.2,6.4,0.336,6.5,12.3,0.53,0.521,2.7,3.4,0.775,0.9,5.7,6.6,4.2,0.5,0.7,2.7,2.2,22.2,0
2024,NBA,Kyle Lowry,lowryky01,37.0,2TM,PG,60,55.0,28.2,2.7,6.3,0.432,1.6,4.2,0.392,1.1,2.1,0.512,0.562,1.1,1.3,0.84,0.6,2.7,3.2,4.2,1.0,0.4,1.4,2.4,8.1,0
2024,NBA,Kyrie Irving,irvinky01,31.0,DAL,SG,58,58.0,35.0,9.7,19.5,0.497,3.0,7.3,0.411,6.7,12.2,0.548,0.573,3.3,3.6,0.905,0.8,4.2,5.0,5.2,1.3,0.5,1.8,1.9,25.6,0
2024,NBA,LaMelo Ball,ballla01,22.0,CHO,PG,22,22.0,32.3,8.3,19.2,0.433,3.2,9.0,0.355,5.1,10.3,0.5,0.515,4.1,4.7,0.865,1.3,3.8,5.1,8.0,1.8,0.2,3.8,3.6,23.9,0
2024,NBA,Lamar Stevens,stevela01,26.0,2TM,PF,38,3.0,14.7,2.8,6.3,0.45,0.4,1.2,0.304,2.5,5.1,0.485,0.479,1.1,1.4,0.778,0.9,2.4,3.3,0.7,0.6,0.6,0.6,1.2,7.2,0
2024,NBA,Landry Shamet,shamela01,26.0,WAS,SG,46,5.0,15.8,2.6,6.0,0.431,1.2,3.4,0.338,1.4,2.5,0.556,0.527,0.8,1.0,0.826,0.3,1.0,1.3,1.2,0.5,0.2,0.7,1.7,7.1,0
2024,NBA,Larry Nance Jr.,nancela02,31.0,NOP,C,61,0.0,19.9,2.3,4.0,0.573,0.4,1.1,0.415,1.8,2.9,0.631,0.629,0.8,1.0,0.77,1.5,3.5,5.0,1.9,1.0,0.3,0.8,1.6,5.7,0
2024,NBA,Lauri Markkanen,markkla01,26.0,UTA,PF,55,55.0,33.1,7.8,16.2,0.48,3.2,8.0,0.399,4.6,8.2,0.559,0.578,4.5,5.0,0.899,2.2,5.9,8.2,2.0,0.9,0.5,1.4,1.8,23.2,0
2024,NBA,LeBron James,jamesle01,39.0,LAL,PF,71,71.0,35.3,9.6,17.9,0.54,2.1,5.1,0.41,7.5,12.8,0.592,0.599,4.3,5.7,0.75,0.9,6.4,7.3,8.3,1.3,0.5,3.5,1.1,25.7,1
2024,NBA,Leaky Black,blackle01,24.0,CHO,SF,26,3.0,10.9,1.0,2.0,0.481,0.3,0.8,0.45,0.6,1.2,0.5,0.567,0.4,0.6,0.667,0.3,1.5,1.8,0.9,0.3,0.4,0.2,0.7,2.7,0
2024,NBA,Lester Quiñones,quinole01,23.0,GSW,SG,37,0.0,10.6,1.5,3.8,0.397,0.9,2.4,0.364,0.6,1.4,0.453,0.511,0.5,0.8,0.69,0.6,1.4,1.9,1.0,0.2,0.1,0.5,1.2,4.4,0
2024,NBA,Lindy Waters III,waterli01,26.0,OKC,SG,38,0.0,7.4,1.3,2.7,0.471,1.0,2.2,0.435,0.3,0.5,0.632,0.649,0.1,0.1,1.0,0.2,0.9,1.1,0.6,0.1,0.2,0.2,0.6,3.6,0
2024,NBA,Lonnie Walker IV,walkelo01,25.0,BRK,SG,58,0.0,17.4,3.6,8.5,0.423,1.8,4.7,0.384,1.8,3.8,0.471,0.528,0.8,1.0,0.763,0.2,2.0,2.2,1.3,0.6,0.3,0.9,1.2,9.7,0
2024,NBA,Luguentz Dort,dortlu01,24.0,OKC,SF,79,79.0,28.4,3.6,8.3,0.438,2.0,5.0,0.394,1.7,3.3,0.506,0.557,1.6,2.0,0.826,0.9,2.7,3.6,1.4,0.9,0.6,0.9,2.9,10.9,0
2024,NBA,Luka Dončić,doncilu01,24.0,DAL,PG,70,70.0,37.5,11.5,23.6,0.487,4.1,10.6,0.382,7.4,13.0,0.573,0.573,6.8,8.7,0.786,0.8,8.4,9.2,9.8,1.4,0.5,4.0,2.1,33.9,1
2024,NBA,Luka Garza,garzalu01,25.0,MIN,C,25,0.0,4.9,1.4,3.0,0.48,0.4,1.3,0.281,1.1,1.7,0.628,0.54,0.7,1.0,0.72,0.8,0.5,1.2,0.2,0.2,0.0,0.2,1.0,4.0,0
2024,NBA,Luka Šamanić,samanlu01,24.0,UTA,PF,43,7.0,9.4,1.4,3.7,0.38,0.3,1.5,0.203,1.1,2.2,0.5,0.421,1.0,1.3,0.786,0.5,1.9,2.4,0.4,0.1,0.2,0.7,0.7,4.1,0
2024,NBA,Luke Kennard,kennalu01,27.0,MEM,SG,39,22.0,25.6,3.6,8.1,0.448,2.7,6.1,0.45,0.9,2.0,0.442,0.617,1.0,1.2,0.889,0.3,2.6,2.9,3.5,0.5,0.1,1.4,1.0,11.0,0
2024,NBA,Luke Kornet,kornelu01,28.0,BOS,C,63,7.0,15.6,2.3,3.2,0.7,0.0,0.0,1.0,2.2,3.2,0.698,0.702,0.8,0.9,0.907,1.9,2.3,4.1,1.1,0.4,1.0,0.3,1.2,5.3,0
2024,NBA,Malachi Flynn,flynnma01,25.0,3TM,PG,69,0.0,12.7,2.0,4.7,0.418,0.8,2.4,0.331,1.2,2.3,0.513,0.505,0.8,1.0,0.732,0.3,1.3,1.7,1.9,0.6,0.1,0.9,1.0,5.5,0
2024,NBA,Malaki Branham,branhma01,20.0,SAS,PG,75,29.0,21.3,3.6,8.4,0.432,1.2,3.6,0.347,2.4,4.8,0.494,0.506,0.7,0.8,0.873,0.4,1.6,2.0,2.1,0.4,0.1,1.2,1.3,9.2,0
2024,NBA,Malcolm Brogdon,brogdma01,31.0,POR,PG,39,25.0,28.7,5.6,12.7,0.44,2.1,5.1,0.412,3.5,7.6,0.458,0.522,2.4,3.0,0.819,0.7,3.1,3.8,5.5,0.7,0.2,1.5,1.5,15.7,0
2024,NBA,Malik Beasley,beaslma01,27.0,MIL,SG,79,77.0,29.6,4.1,9.1,0.443,2.8,6.9,0.413,1.2,2.3,0.533,0.598,0.3,0.4,0.714,0.5,3.2,3.7,1.4,0.7,0.1,0.7,2.0,11.3,0
2024,NBA,Malik Monk,monkma01,25.0,SAC,SG,72,0.0,26.0,5.5,12.4,0.443,2.1,5.9,0.35,3.4,6.5,0.528,0.526,2.4,2.8,0.829,0.4,2.6,2.9,5.1,0.6,0.5,2.1,2.2,15.4,0
2024,NBA,MarJon Beauchamp,beaucma01,23.0,MIL,SF,48,1.0,12.7,1.7,3.5,0.488,0.6,1.6,0.4,1.1,1.9,0.56,0.578,0.4,0.6,0.679,0.5,1.6,2.1,0.6,0.3,0.1,0.6,1.1,4.4,0
2024,NBA,Marcus Morris,morrima03,34.0,2TM,PF,49,7.0,16.7,2.4,5.4,0.439,1.0,2.4,0.403,1.4,3.0,0.469,0.53,0.7,0.9,0.818,0.5,2.3,2.7,0.7,0.3,0.3,0.6,1.5,6.4,0
2024,NBA,Marcus Sasser,sassema01,23.0,DET,PG,71,11.0,19.0,3.1,7.2,0.428,1.3,3.4,0.375,1.8,3.8,0.474,0.516,0.8,0.9,0.879,0.2,1.6,1.8,3.3,0.6,0.2,1.3,1.5,8.3,0
2024,NBA,Marcus Smart,smartma01,29.0,MEM,PG,20,20.0,30.3,5.1,11.9,0.43,2.1,6.7,0.313,3.0,5.2,0.583,0.519,2.2,2.8,0.768,0.3,2.4,2.7,4.3,2.1,0.3,3.1,2.7,14.5,0
2024,NBA,Markelle Fultz,fultzma01,25.0,ORL,PG,43,18.0,21.2,3.6,7.6,0.472,0.1,0.4,0.222,3.5,7.2,0.487,0.479,0.5,0.8,0.697,1.3,1.9,3.2,2.8,1.0,0.3,1.2,1.5,7.8,0
2024,NBA,Markieff Morris,morrima02,34.0,DAL,PF,26,1.0,8.3,0.9,2.6,0.338,0.6,1.6,0.357,0.3,1.0,0.308,0.449,0.2,0.2,0.833,0.2,1.3,1.5,0.6,0.2,0.1,0.5,0.5,2.5,0
2024,NBA,Marvin Bagley III,baglema01,24.0,2TM,C,50,25.0,21.1,4.8,8.2,0.586,0.2,0.5,0.391,4.6,7.7,0.597,0.597,1.9,2.5,0.762,2.6,3.6,6.2,1.1,0.4,0.7,1.2,1.6,11.7,0
2024,NBA,Mason Plumlee,plumlma01,33.0,LAC,C,46,11.0,14.7,1.9,3.3,0.569,0.0,0.1,0.0,1.9,3.2,0.592,0.569,1.5,2.2,0.707,1.3,3.8,5.1,1.2,0.3,0.4,0.8,1.5,5.3,0
2024,NBA,Matisse Thybulle,thybuma01,26.0,POR,SF,65,19.0,22.9,1.9,4.9,0.397,1.2,3.6,0.346,0.7,1.3,0.535,0.524,0.3,0.4,0.759,0.5,1.6,2.1,1.4,1.7,0.8,0.6,1.4,5.4,0
2024,NBA,Matt Ryan,ryanma01,26.0,NOP,SF,28,1.0,13.9,1.8,4.0,0.434,1.5,3.3,0.451,0.3,0.8,0.364,0.615,0.5,0.5,0.929,0.2,1.2,1.4,0.6,0.2,0.0,0.7,1.1,5.4,0
2024,NBA,Max Christie,chrisma02,20.0,LAL,SG,67,7.0,14.1,1.5,3.6,0.427,0.6,1.8,0.356,0.9,1.8,0.496,0.515,0.5,0.7,0.783,0.2,1.9,2.1,0.9,0.3,0.3,0.5,0.9,4.2,0
2024,NBA,Max Strus,strusma01,27.0,CLE,SF,70,70.0,32.0,4.3,10.4,0.418,2.4,6.8,0.351,1.9,3.6,0.546,0.533,1.1,1.4,0.794,0.9,3.9,4.8,4.0,0.9,0.4,1.6,2.4,12.2,0
2024,NBA,Maxi Kleber,klebima01,32.0,DAL,C,43,7.0,20.3,1.5,3.4,0.432,0.7,2.1,0.348,0.7,1.3,0.574,0.541,0.8,1.1,0.702,0.7,2.6,3.3,1.6,0.4,0.7,0.7,1.8,4.4,0
2024,NBA,Maxwell Lewis,lewisma05,21.0,LAL,SF,34,0.0,3.0,0.1,0.6,0.19,0.0,0.3,0.111,0.1,0.4,0.25,0.214,0.1,0.1,0.667,0.1,0.1,0.1,0.2,0.1,0.0,0.3,0.1,0.3,0
2024,NBA,Michael Porter Jr.,portemi01,25.0,DEN,SF,81,81.0,31.7,6.4,13.3,0.484,2.7,6.8,0.397,3.7,6.5,0.575,0.586,1.1,1.4,0.836,1.3,5.7,7.0,1.5,0.5,0.7,1.1,1.8,16.7,0
2024,NBA,Mikal Bridges,bridgmi01,27.0,BRK,SF,82,82.0,34.8,6.9,15.8,0.436,2.7,7.2,0.372,4.2,8.6,0.49,0.521,3.1,3.9,0.814,0.8,3.7,4.5,3.6,1.0,0.4,2.0,1.4,19.6,0
2024,NBA,Mike Conley,conlemi01,36.0,MIN,PG,76,76.0,28.9,3.9,8.5,0.457,2.4,5.3,0.442,1.5,3.1,0.481,0.595,1.3,1.5,0.911,0.5,2.4,2.9,5.9,1.2,0.2,1.3,1.7,11.4,0
2024,NBA,Mike Muscala,muscami01,32.0,3TM,C,53,6.0,11.3,1.1,2.9,0.359,0.5,1.8,0.292,0.5,1.1,0.467,0.449,0.3,0.5,0.68,0.7,1.6,2.4,0.7,0.2,0.2,0.4,1.0,3.0,0
2024,NBA,Miles Bridges,bridgmi02,25.0,CHO,SF,69,67.0,37.4,8.1,17.5,0.462,2.3,6.5,0.349,5.8,11.0,0.529,0.527,2.5,3.1,0.825,1.0,6.3,7.3,3.3,0.9,0.5,2.0,1.7,21.0,0
2024,NBA,Miles McBride,mcbrimi01,23.0,NYK,PG,68,14.0,19.5,3.0,6.7,0.452,1.6,3.9,0.41,1.4,2.8,0.511,0.572,0.6,0.7,0.86,0.5,1.0,1.5,1.7,0.7,0.1,0.4,1.6,8.3,0
2024,NBA,Mitchell Robinson,robinmi01,25.0,NYK,C,31,21.0,24.8,2.4,4.1,0.575,0.0,0.0,0.0,2.4,4.1,0.575,0.575,0.9,2.1,0.409,4.6,3.9,8.5,0.6,1.2,1.1,0.8,1.8,5.6,0
2024,NBA,Mo Bamba,bambamo01,25.0,PHI,C,57,17.0,13.0,1.7,3.5,0.49,0.4,1.1,0.391,1.3,2.4,0.537,0.553,0.6,0.9,0.68,1.4,2.8,4.2,0.7,0.4,1.1,0.7,1.8,4.4,0
2024,NBA,Monte Morris,morrimo01,28.0,2TM,PG,33,0.0,14.4,1.9,4.6,0.405,0.8,2.1,0.386,1.1,2.5,0.422,0.493,0.4,0.6,0.684,0.2,1.5,1.7,2.1,0.6,0.3,0.2,0.4,5.0,0
2024,NBA,Moritz Wagner,wagnemo01,26.0,ORL,C,80,1.0,17.7,4.2,6.9,0.601,0.5,1.4,0.33,3.7,5.5,0.673,0.636,2.1,2.6,0.814,1.5,2.9,4.3,1.2,0.5,0.3,1.2,2.0,10.9,0
2024,NBA,Moses Brown,brownmo01,24.0,POR,C,22,5.0,9.1,1.5,3.0,0.508,0.0,0.0,0.0,1.5,3.0,0.508,0.508,0.4,1.4,0.29,1.7,2.2,3.9,0.3,0.2,0.3,0.5,1.2,3.4,0
2024,NBA,Moses Moody,moodymo01,21.0,GSW,SG,66,9.0,17.5,2.9,6.4,0.462,1.1,3.0,0.36,1.8,3.3,0.555,0.548,1.1,1.4,0.785,1.0,2.0,3.0,0.9,0.6,0.4,0.7,1.4,8.1,0
2024,NBA,Myles Turner,turnemy01,27.0,IND,C,77,77.0,27.0,6.2,11.8,0.524,1.5,4.2,0.358,4.7,7.6,0.615,0.587,3.2,4.1,0.773,1.5,5.5,6.9,1.3,0.5,1.9,1.4,3.0,17.1,0
2024,NBA,Naji Marshall,marshna01,26.0,NOP,SF,66,1.0,19.0,2.6,5.6,0.463,0.9,2.3,0.387,1.7,3.3,0.516,0.542,1.0,1.3,0.791,0.8,2.8,3.6,1.9,0.7,0.2,1.0,1.4,7.1,0
2024,NBA,Nassir Little,littlna01,23.0,PHO,SF,45,2.0,10.2,1.3,2.8,0.46,0.5,1.6,0.3,0.8,1.2,0.667,0.544,0.4,0.4,0.85,0.3,1.4,1.7,0.5,0.2,0.2,0.3,0.9,3.4,0
2024,NBA,Nathan Mensah,mensana01,25.0,CHO,C,25,0.0,12.3,0.5,1.1,0.429,0.0,0.0,0.0,0.5,1.1,0.429,0.429,0.4,0.5,0.75,1.2,1.4,2.6,0.4,0.2,0.6,0.6,2.6,1.3,0
2024,NBA,Naz Reid,reidna01,24.0,MIN,PF,81,14.0,24.2,5.0,10.5,0.477,2.1,5.0,0.414,2.9,5.5,0.535,0.576,1.3,1.8,0.736,0.9,4.3,5.2,1.3,0.8,0.9,1.4,2.1,13.5,0
2024,NBA,Neemias Queta,quetane01,24.0,BOS,C,28,0.0,11.9,2.4,3.7,0.644,0.0,0.0,0.0,2.4,3.7,0.644,0.644,0.7,1.0,0.714,1.9,2.5,4.4,0.7,0.5,0.8,0.5,1.8,5.5,0
2024,NBA,Nic Claxton,claxtni01,24.0,BRK,C,71,71.0,29.8,5.2,8.2,0.629,0.0,0.1,0.2,5.1,8.1,0.633,0.63,1.5,2.8,0.551,2.7,7.2,9.9,2.1,0.6,2.1,1.3,2.5,11.8,0
2024,NBA,Nick Richards,richani01,26.0,CHO,C,67,51.0,26.3,3.9,5.6,0.691,0.0,0.0,0.0,3.9,5.6,0.693,0.691,2.0,2.7,0.737,2.6,5.5,8.0,0.8,0.4,1.1,1.1,2.6,9.7,0
2024,NBA,Nick Smith Jr.,smithni01,19.0,CHO,SG,51,0.0,14.3,2.2,5.7,0.391,1.2,2.9,0.432,1.0,2.8,0.35,0.5,0.3,0.3,0.867,0.4,1.1,1.4,1.2,0.2,0.1,0.8,1.1,5.9,0
2024,NBA,Nickeil Alexander-Walker,alexani01,25.0,MIN,SG,82,20.0,23.4,2.9,6.6,0.439,1.6,4.1,0.391,1.3,2.5,0.517,0.56,0.6,0.8,0.8,0.4,1.6,2.0,2.5,0.8,0.5,0.9,1.7,8.0,0
2024,NBA,Nicolas Batum,batumni01,35.0,2TM,PF,60,38.0,25.5,1.9,4.3,0.453,1.2,3.1,0.395,0.7,1.2,0.606,0.596,0.3,0.4,0.714,1.2,3.0,4.1,2.1,0.8,0.6,0.7,1.8,5.3,0
2024,NBA,Nikola Jokić,jokicni01,28.0,DEN,C,79,79.0,34.6,10.4,17.9,0.583,1.1,2.9,0.359,9.4,14.9,0.626,0.612,4.5,5.5,0.817,2.8,9.5,12.4,9.0,1.4,0.9,3.0,2.5,26.4,1
2024,NBA,Nikola Jović,jovicni01,20.0,MIA,PF,46,38.0,19.5,2.8,6.1,0.452,1.4,3.5,0.399,1.3,2.6,0.525,0.568,0.7,1.0,0.702,0.5,3.6,4.2,2.0,0.5,0.3,0.9,1.8,7.7,0
2024,NBA,Nikola Vučević,vucevni01,33.0,CHI,C,76,74.0,34.3,7.7,15.9,0.484,1.2,4.1,0.294,6.5,11.8,0.55,0.522,1.4,1.7,0.822,2.8,7.8,10.5,3.3,0.7,0.8,1.6,2.5,18.0,0
2024,NBA,Noah Clowney,clownno01,19.0,BRK,PF,23,4.0,16.1,2.2,4.0,0.538,0.5,1.4,0.364,1.7,2.6,0.633,0.602,0.9,1.3,0.7,1.1,2.4,3.5,0.8,0.3,0.7,0.7,1.1,5.8,0
2024,NBA,Norman Powell,powelno01,30.0,LAC,SG,76,3.0,26.2,4.9,10.1,0.486,2.2,5.1,0.435,2.7,5.1,0.536,0.594,1.9,2.3,0.831,0.2,2.4,2.6,1.1,0.6,0.3,0.9,1.8,13.9,0
2024,NBA,OG Anunoby,anunoog01,26.0,2TM,SF,50,50.0,34.0,5.6,11.5,0.489,2.0,5.3,0.382,3.6,6.2,0.581,0.577,1.3,1.8,0.753,0.9,3.2,4.2,2.1,1.4,0.7,1.6,2.4,14.7,0
2024,NBA,Obi Toppin,toppiob01,25.0,IND,PF,82,28.0,21.1,4.0,7.1,0.573,1.2,3.1,0.403,2.8,4.0,0.706,0.661,0.9,1.2,0.77,1.0,2.9,3.9,1.6,0.6,0.5,0.8,1.7,10.3,0
2024,NBA,Ochai Agbaji,agbajoc01,23.0,2TM,SG,78,28.0,21.0,2.3,5.6,0.411,0.8,2.7,0.294,1.5,2.8,0.523,0.483,0.5,0.7,0.661,0.9,1.8,2.8,1.1,0.6,0.6,0.8,1.5,5.8,0
2024,NBA,Olivier-Maxence Prosper,prospol01,21.0,DAL,PF,40,1.0,8.4,1.0,2.6,0.385,0.3,1.1,0.289,0.7,1.5,0.458,0.447,0.7,1.0,0.683,0.6,1.4,2.0,0.6,0.2,0.1,0.2,0.5,3.0,0
2024,NBA,Omer Yurtseven,yurtsom01,25.0,UTA,C,48,12.0,11.4,2.1,3.8,0.538,0.1,0.5,0.208,2.0,3.3,0.588,0.552,0.4,0.6,0.679,1.5,2.8,4.3,0.6,0.2,0.4,0.8,1.1,4.6,0
2024,NBA,Onuralp Bitim,bitimon01,24.0,CHI,SG,23,1.0,11.7,1.4,3.7,0.381,0.5,1.9,0.273,0.9,1.7,0.5,0.452,0.2,0.2,0.8,0.3,1.1,1.4,0.6,0.1,0.1,0.4,1.0,3.5,0
2024,NBA,Onyeka Okongwu,okongon01,23.0,ATL,C,55,8.0,25.5,4.1,6.6,0.611,0.4,1.3,0.333,3.6,5.4,0.676,0.642,1.7,2.1,0.793,2.6,4.2,6.8,1.3,0.5,1.1,0.8,2.9,10.2,0
2024,NBA,Orlando Robinson,robinor01,23.0,MIA,C,36,7.0,8.4,1.0,2.0,0.5,0.2,0.4,0.533,0.8,1.6,0.491,0.556,0.5,0.7,0.76,0.8,1.6,2.3,0.9,0.2,0.2,0.5,1.0,2.8,0
2024,NBA,Oshae Brissett,brissos01,25.0,BOS,SF,55,1.0,11.5,1.2,2.8,0.444,0.3,1.0,0.273,1.0,1.8,0.541,0.493,0.9,1.5,0.602,1.1,1.8,2.9,0.8,0.3,0.1,0.4,1.0,3.7,0
2024,NBA,Ousmane Dieng,diengou01,20.0,OKC,PF,33,0.0,11.1,1.5,3.5,0.422,0.6,2.1,0.3,0.8,1.4,0.609,0.513,0.4,0.5,0.875,0.3,1.2,1.5,1.1,0.2,0.2,0.6,0.7,4.0,0
2024,NBA,P.J. Tucker,tuckepj01,38.0,2TM,PF,31,10.0,15.7,0.6,1.6,0.36,0.4,1.1,0.371,0.2,0.5,0.333,0.49,0.1,0.1,1.0,0.9,1.8,2.7,0.5,0.5,0.2,0.3,1.7,1.7,0
2024,NBA,P.J. Washington,washipj01,25.0,2TM,PF,73,45.0,30.4,4.8,11.1,0.436,1.8,5.7,0.32,3.0,5.5,0.558,0.518,1.4,2.0,0.683,1.2,4.5,5.6,1.9,1.0,0.8,1.3,2.3,12.9,0
2024,NBA,Paolo Banchero,banchpa01,21.0,ORL,PF,80,80.0,35.0,8.0,17.6,0.455,1.5,4.4,0.339,6.5,13.2,0.493,0.497,5.1,7.0,0.725,1.0,5.9,6.9,5.4,0.9,0.6,3.1,1.9,22.6,1
2024,NBA,Pascal Siakam,siakapa01,29.0,2TM,PF,80,80.0,33.2,8.5,15.9,0.536,1.1,3.1,0.346,7.5,12.8,0.581,0.569,3.6,5.0,0.732,1.7,5.3,7.1,4.3,0.8,0.3,1.8,2.4,21.7,0
2024,NBA,Pat Connaughton,connapa01,31.0,MIL,SF,76,3.0,22.1,2.0,4.6,0.435,1.1,3.1,0.345,0.9,1.4,0.633,0.553,0.6,0.8,0.759,0.7,2.5,3.1,2.1,0.5,0.3,0.6,1.3,5.6,0
2024,NBA,Patrick Baldwin Jr.,baldwpa01,21.0,WAS,SF,38,7.0,13.0,1.6,4.1,0.381,0.8,2.6,0.32,0.7,1.5,0.483,0.481,0.5,0.7,0.679,0.4,2.8,3.2,0.8,0.5,0.4,0.5,1.5,4.4,0
2024,NBA,Patrick Beverley,beverpa01,35.0,2TM,PG,73,13.0,20.0,2.2,5.2,0.417,0.8,2.5,0.337,1.3,2.7,0.49,0.497,1.0,1.2,0.822,0.7,2.6,3.3,2.9,0.6,0.4,0.9,1.8,6.2,0
2024,NBA,Patrick Williams,willipa01,22.0,CHI,PF,43,30.0,27.3,3.7,8.3,0.443,1.4,3.4,0.399,2.3,4.9,0.474,0.525,1.2,1.5,0.788,1.1,2.8,3.9,1.5,0.9,0.8,1.3,2.0,10.0,0
2024,NBA,Patty Mills,millspa02,35.0,2TM,PG,32,5.0,13.0,1.4,4.1,0.351,0.8,2.7,0.276,0.7,1.4,0.5,0.443,0.3,0.3,1.0,0.3,0.8,1.1,1.1,0.6,0.0,0.5,1.0,4.0,0
2024,NBA,Paul George,georgpa01,33.0,LAC,PF,74,74.0,33.8,7.9,16.7,0.471,3.3,7.9,0.413,4.6,8.8,0.523,0.569,3.6,3.9,0.907,0.5,4.7,5.2,3.5,1.5,0.5,2.1,2.7,22.6,1
2024,NBA,Paul Reed,reedpa01,24.0,PHI,C,82,24.0,19.4,3.2,5.9,0.54,0.3,0.7,0.368,2.9,5.2,0.563,0.561,0.7,1.0,0.718,2.4,3.6,6.0,1.3,0.8,1.0,0.8,2.4,7.3,0
2024,NBA,Payton Pritchard,pritcpa01,26.0,BOS,PG,82,5.0,22.3,3.6,7.7,0.468,1.8,4.7,0.385,1.8,3.1,0.593,0.583,0.6,0.7,0.821,0.9,2.4,3.2,3.4,0.5,0.1,0.7,1.3,9.6,0
2024,NBA,Peyton Watson,watsope01,21.0,DEN,SF,80,4.0,18.6,2.6,5.6,0.465,0.6,1.9,0.296,2.0,3.7,0.553,0.516,0.9,1.3,0.67,0.7,2.5,3.2,1.1,0.5,1.1,0.7,1.8,6.7,0
2024,NBA,Precious Achiuwa,achiupr01,24.0,2TM,PF,74,18.0,21.9,3.2,6.3,0.501,0.4,1.3,0.268,2.8,5.0,0.562,0.529,0.9,1.5,0.616,2.6,4.0,6.6,1.3,0.6,0.9,1.1,1.9,7.6,0
2024,NBA,Quentin Grimes,grimequ01,23.0,2TM,SG,51,18.0,20.1,2.4,6.4,0.372,1.6,4.7,0.338,0.8,1.7,0.466,0.495,0.7,0.9,0.756,0.3,1.7,2.0,1.3,0.7,0.1,0.5,1.5,7.0,0
2024,NBA,RJ Barrett,barrerj01,23.0,2TM,SG,58,58.0,31.7,7.5,15.2,0.495,1.6,4.3,0.36,6.0,10.9,0.549,0.547,3.6,5.0,0.715,0.9,4.5,5.4,3.3,0.5,0.4,2.2,2.2,20.2,0
2024,NBA,Rayan Rupert,ruperra01,19.0,POR,SG,39,12.0,16.2,1.4,4.1,0.335,0.7,2.0,0.359,0.7,2.1,0.313,0.422,0.5,0.6,0.76,0.6,1.7,2.4,1.6,0.3,0.1,0.8,1.4,4.0,0
2024,NBA,Reggie Bullock,bullore01,32.0,HOU,SF,44,0.0,9.5,0.8,1.9,0.415,0.6,1.5,0.403,0.2,0.3,0.467,0.579,0.0,0.0,1.0,0.1,1.5,1.7,0.3,0.3,0.1,0.2,0.7,2.2,0
2024,NBA,Reggie Jackson,jacksre01,33.0,DEN,PG,82,23.0,22.2,4.0,9.2,0.431,1.2,3.5,0.359,2.7,5.8,0.475,0.499,1.0,1.2,0.806,0.4,1.5,1.9,3.8,0.5,0.2,1.3,1.8,10.2,0
2024,NBA,Richaun Holmes,holmeri01,30.0,2TM,C,40,10.0,13.9,2.1,3.7,0.558,0.0,0.1,0.333,2.0,3.6,0.563,0.561,0.9,1.2,0.723,1.8,2.8,4.6,0.6,0.3,0.5,0.6,1.9,5.0,0
2024,NBA,Ricky Council IV,councri01,22.0,PHI,SG,32,0.0,9.0,1.7,3.5,0.482,0.4,1.0,0.375,1.3,2.5,0.525,0.536,1.7,2.2,0.746,0.4,1.0,1.4,0.5,0.3,0.0,0.2,0.5,5.4,0
2024,NBA,Robert Covington,covinro01,33.0,2TM,PF,29,6.0,16.8,1.5,3.4,0.439,0.7,1.9,0.339,0.8,1.4,0.571,0.536,0.8,0.9,0.846,1.1,2.3,3.3,0.8,1.3,0.6,0.4,1.9,4.4,0
2024,NBA,Royce O'Neale,onealro01,30.0,2TM,SF,79,14.0,24.7,2.7,6.8,0.397,2.0,5.3,0.37,0.7,1.5,0.496,0.542,0.3,0.4,0.686,0.8,4.0,4.8,2.8,0.7,0.6,0.9,2.2,7.7,0
2024,NBA,Rudy Gobert,goberru01,31.0,MIN,C,76,76.0,34.1,5.3,8.1,0.661,0.0,0.0,0.0,5.3,8.0,0.664,0.661,3.3,5.1,0.638,3.8,9.2,12.9,1.3,0.7,2.1,1.6,3.1,14.0,0
2024,NBA,Rui Hachimura,hachiru01,25.0,LAL,PF,68,39.0,26.9,5.3,9.9,0.537,1.4,3.4,0.422,3.9,6.5,0.597,0.609,1.5,2.0,0.739,0.9,3.5,4.3,1.2,0.6,0.4,0.7,1.5,13.6,0
2024,NBA,Russell Westbrook,westbru01,35.0,LAC,PG,68,11.0,22.5,4.4,9.8,0.454,0.6,2.3,0.273,3.8,7.5,0.509,0.486,1.6,2.4,0.688,1.4,3.7,5.0,4.5,1.1,0.3,2.1,1.8,11.1,0
2024,NBA,Ryan Arcidiacono,arcidry01,29.0,NYK,PG,20,0.0,2.3,0.0,0.3,0.0,0.0,0.3,0.0,0.0,0.0,0.0,0.0,0.0,0.0,0.0,0.0,0.4,0.4,0.2,0.1,0.0,0.1,0.3,0.0,0
2024,NBA,Saben Lee,leesa01,24.0,PHO,PG,24,0.0,7.7,0.8,2.3,0.364,0.1,0.7,0.125,0.8,1.6,0.462,0.382,1.2,1.6,0.744,0.4,0.9,1.3,1.3,0.3,0.1,0.3,0.5,3.0,0
2024,NBA,Saddiq Bey,beysa01,24.0,ATL,SF,63,51.0,32.7,4.6,11.1,0.416,1.8,5.7,0.316,2.8,5.4,0.522,0.497,2.7,3.2,0.837,2.7,3.9,6.5,1.5,0.8,0.2,0.9,1.4,13.7,0
2024,NBA,Sam Hauser,hausesa01,26.0,BOS,SF,79,13.0,22.0,3.2,7.1,0.446,2.5,5.9,0.424,0.7,1.2,0.559,0.623,0.2,0.2,0.895,0.6,2.9,3.5,1.0,0.5,0.3,0.4,1.3,9.0,0
2024,NBA,Sam Merrill,merrisa01,27.0,CLE,SG,61,1.0,17.5,2.6,6.4,0.402,2.3,5.8,0.404,0.2,0.6,0.385,0.584,0.4,0.5,0.929,0.4,1.6,2.0,1.8,0.3,0.1,0.3,1.2,8.0,0
2024,NBA,Sandro Mamukelashvili,mamuksa01,24.0,SAS,C,46,5.0,9.8,1.6,3.4,0.471,0.4,1.4,0.297,1.2,2.0,0.593,0.532,0.5,0.7,0.735,1.0,2.2,3.2,1.1,0.2,0.3,0.4,0.8,4.1,0
2024,NBA,Santi Aldama,aldamsa01,23.0,MEM,PF,61,35.0,26.5,4.0,9.3,0.435,1.7,5.0,0.349,2.3,4.3,0.534,0.528,0.9,1.4,0.621,1.2,4.6,5.8,2.3,0.7,0.9,1.1,1.5,10.7,0
2024,NBA,Sasha Vezenkov,vezenal01,28.0,SAC,PF,42,0.0,12.2,2.0,4.5,0.44,1.1,2.9,0.375,0.9,1.7,0.549,0.558,0.3,0.4,0.8,0.7,1.6,2.3,0.5,0.5,0.2,0.3,1.0,5.4,0
2024,NBA,Scoot Henderson,hendesc01,19.0,POR,PG,62,32.0,28.5,5.0,12.9,0.385,1.4,4.3,0.325,3.5,8.5,0.416,0.44,2.7,3.3,0.819,0.9,2.3,3.1,5.4,0.8,0.2,3.4,3.1,14.0,0
2024,NBA,Scottie Barnes,barnesc01,22.0,TOR,SG,60,60.0,34.9,7.5,15.7,0.475,1.7,4.9,0.341,5.8,10.8,0.536,0.528,3.3,4.2,0.781,2.4,5.9,8.2,6.1,1.3,1.5,2.8,2.0,19.9,1
2024,NBA,Scotty Pippen Jr.,pippesc02,23.0,MEM,PG,21,16.0,25.1,4.8,9.7,0.493,1.4,3.4,0.417,3.3,6.2,0.534,0.567,2.0,2.6,0.745,1.0,2.1,3.2,4.7,1.7,0.5,2.7,2.9,12.9,0
2024,NBA,Seth Curry,curryse01,33.0,2TM,SG,44,4.0,14.0,1.8,4.6,0.392,0.9,2.5,0.352,1.0,2.2,0.438,0.485,0.6,0.7,0.903,0.4,1.1,1.5,1.0,0.5,0.1,0.5,0.9,5.1,0
2024,NBA,Shaedon Sharpe,sharpsh01,20.0,POR,SG,32,25.0,33.1,5.5,13.6,0.406,1.9,5.6,0.333,3.6,7.9,0.457,0.475,3.1,3.7,0.824,1.3,3.7,5.0,2.9,0.9,0.4,2.3,2.8,15.9,0
2024,NBA,Shai Gilgeous-Alexander,gilgesh01,25.0,OKC,PG,75,75.0,34.0,10.6,19.8,0.535,1.3,3.6,0.353,9.3,16.2,0.576,0.567,7.6,8.7,0.874,0.9,4.7,5.5,6.2,2.0,0.9,2.2,2.5,30.1,1
2024,NBA,Shake Milton,miltosh01,27.0,3TM,SG,48,0.0,12.1,1.6,4.1,0.405,0.4,1.3,0.281,1.3,2.7,0.466,0.451,0.8,1.0,0.816,0.3,1.3,1.6,1.3,0.4,0.1,0.6,1.1,4.5,0
2024,NBA,Simone Fontecchio,fontesi01,28.0,2TM,SF,66,43.0,24.9,3.8,8.3,0.46,2.0,5.1,0.401,1.8,3.2,0.551,0.582,0.8,1.0,0.818,1.0,2.8,3.7,1.5,0.7,0.3,1.0,1.7,10.5,0
2024,NBA,Skylar Mays,mayssk01,26.0,2TM,SG,38,5.0,11.4,1.7,4.2,0.396,0.4,1.4,0.296,1.2,2.8,0.448,0.447,0.3,0.4,0.765,0.3,0.9,1.1,2.2,0.6,0.1,0.5,0.7,4.1,0
2024,NBA,Spencer Dinwiddie,dinwisp01,30.0,2TM,PG,76,52.0,28.3,3.3,8.4,0.392,1.6,4.8,0.337,1.7,3.6,0.467,0.489,2.2,2.8,0.805,0.4,2.3,2.7,4.7,0.7,0.3,1.2,1.8,10.5,0
2024,NBA,Stanley Umude,umudest01,24.0,DET,SG,24,2.0,12.8,1.5,3.5,0.44,1.0,2.2,0.453,0.5,1.3,0.419,0.583,1.2,1.3,0.906,0.3,1.8,2.1,0.5,0.3,0.3,0.6,1.7,5.3,0
2024,NBA,Stephen Curry,curryst01,35.0,GSW,PG,74,74.0,32.7,8.8,19.5,0.45,4.8,11.8,0.408,4.0,7.7,0.515,0.573,4.0,4.4,0.923,0.5,4.0,4.5,5.1,0.7,0.4,2.8,1.6,26.4,1
2024,NBA,Svi Mykhailiuk,mykhasv01,26.0,BOS,SF,41,2.0,10.1,1.4,3.3,0.416,1.0,2.6,0.389,0.4,0.7,0.517,0.569,0.1,0.2,0.667,0.3,1.0,1.2,0.9,0.3,0.0,0.3,0.5,4.0,0
2024,NBA,T.J. McConnell,mccontj01,31.0,IND,PG,71,4.0,18.2,4.6,8.4,0.556,0.3,0.6,0.409,4.4,7.7,0.568,0.572,0.7,0.9,0.79,0.5,2.2,2.7,5.5,1.0,0.1,1.5,1.1,10.2,0
2024,NBA,Taj Gibson,gibsota01,38.0,2TM,PF,20,1.0,10.2,0.8,1.9,0.405,0.1,0.5,0.2,0.7,1.4,0.481,0.432,0.1,0.1,1.0,0.6,1.3,1.9,0.6,0.2,0.4,0.3,1.6,1.7,0
2024,NBA,Talen Horton-Tucker,hortota01,23.0,UTA,PG,51,11.0,19.8,3.6,9.1,0.396,1.2,3.6,0.33,2.4,5.5,0.438,0.46,1.7,2.1,0.807,0.4,2.0,2.4,3.5,0.9,0.4,1.3,1.8,10.1,0
2024,NBA,Tari Eason,easonta01,22.0,HOU,PF,22,0.0,21.8,4.0,8.6,0.466,0.8,2.3,0.36,3.2,6.3,0.504,0.513,1.0,1.5,0.636,2.1,4.9,7.0,1.2,1.4,0.9,0.9,2.3,9.8,0
2024,NBA,Taurean Prince,princta02,29.0,LAL,PF,78,49.0,27.0,3.2,7.3,0.442,1.8,4.6,0.396,1.4,2.8,0.519,0.566,0.6,0.9,0.735,0.3,2.7,2.9,1.5,0.7,0.4,0.9,1.9,8.9,0
2024,NBA,Taylor Hendricks,hendrta01,20.0,UTA,PF,40,23.0,21.4,2.7,6.0,0.45,1.3,3.5,0.379,1.4,2.5,0.55,0.56,0.6,0.7,0.793,1.2,3.5,4.6,0.8,0.7,0.8,0.7,1.9,7.3,0
2024,NBA,Terance Mann,mannte01,27.0,LAC,SG,75,71.0,25.0,3.4,6.6,0.515,0.9,2.7,0.348,2.4,3.9,0.633,0.587,1.1,1.3,0.832,1.2,2.2,3.4,1.6,0.6,0.2,0.6,1.9,8.8,0
2024,NBA,Terry Rozier,roziete01,29.0,2TM,SG,61,60.0,33.4,7.2,16.4,0.443,2.4,6.7,0.363,4.8,9.6,0.498,0.518,2.8,3.2,0.869,0.6,3.5,4.0,5.6,1.0,0.3,1.7,1.7,19.8,0
2024,NBA,Terry Taylor,taylote01,24.0,CHI,PF,31,0.0,6.1,0.6,1.3,0.513,0.1,0.3,0.222,0.6,1.0,0.6,0.538,0.1,0.2,0.8,0.5,0.6,1.2,0.3,0.2,0.1,0.2,0.5,1.5,0
2024,NBA,Thaddeus Young,youngth01,35.0,2TM,PF,33,6.0,13.3,2.0,3.3,0.602,0.0,0.2,0.143,1.9,3.1,0.634,0.606,0.2,0.5,0.4,1.4,1.7,3.1,1.7,0.7,0.2,0.5,1.5,4.2,0
2024,NBA,Thanasis Antetokounmpo,antetth01,31.0,MIL,PF,34,0.0,4.6,0.5,0.9,0.533,0.0,0.0,0.0,0.5,0.9,0.552,0.533,0.0,0.1,0.0,0.2,0.2,0.4,0.5,0.2,0.1,0.4,0.7,0.9,0
2024,NBA,Thomas Bryant,bryanth01,26.0,MIA,C,38,4.0,11.6,2.3,3.9,0.577,0.1,0.6,0.182,2.2,3.3,0.646,0.591,1.1,1.2,0.872,1.1,2.7,3.7,0.6,0.3,0.4,0.6,1.2,5.7,0
2024,NBA,Tim Hardaway Jr.,hardati02,31.0,DAL,SF,79,12.0,26.8,5.0,12.4,0.402,2.7,7.6,0.353,2.3,4.8,0.478,0.51,1.8,2.1,0.852,0.3,2.9,3.2,1.8,0.5,0.1,0.9,1.3,14.4,0
2024,NBA,Tobias Harris,harrito02,31.0,PHI,PF,70,70.0,33.8,6.6,13.6,0.487,1.3,3.7,0.353,5.3,9.9,0.537,0.535,2.7,3.0,0.878,1.1,5.3,6.5,3.1,1.0,0.7,1.3,1.6,17.2,0
2024,NBA,Torrey Craig,craigto01,33.0,CHI,SF,53,14.0,19.8,2.0,4.7,0.43,1.1,2.9,0.392,0.9,1.8,0.49,0.55,0.5,0.7,0.75,1.3,2.8,4.1,1.1,0.6,0.4,0.6,2.1,5.7,0
2024,NBA,Toumani Camara,camarto01,23.0,POR,PF,70,49.0,24.8,2.8,6.3,0.45,0.8,2.5,0.337,2.0,3.8,0.523,0.516,1.1,1.4,0.758,2.0,2.9,4.9,1.2,0.9,0.5,1.2,2.5,7.5,0
2024,NBA,Trae Young,youngtr01,25.0,ATL,PG,54,54.0,36.0,8.0,18.7,0.43,3.2,8.7,0.373,4.8,10.0,0.479,0.516,6.4,7.5,0.855,0.4,2.3,2.8,10.8,1.3,0.2,4.4,2.0,25.7,1
2024,NBA,Trayce Jackson-Davis,jackstr02,23.0,GSW,PF,68,16.0,16.6,3.4,4.9,0.702,0.0,0.0,0.0,3.4,4.9,0.704,0.702,1.1,1.9,0.561,2.0,3.0,5.0,1.2,0.4,1.1,0.7,1.6,7.9,0
2024,NBA,Tre Jones,jonestr01,24.0,SAS,PG,77,48.0,27.8,3.9,7.8,0.505,0.8,2.5,0.335,3.1,5.3,0.584,0.558,1.3,1.5,0.856,0.8,3.0,3.8,6.2,1.0,0.1,1.5,1.2,10.0,0
2024,NBA,Tre Mann,manntr01,22.0,2TM,PG,41,28.0,24.1,3.5,7.7,0.459,1.1,3.1,0.373,2.4,4.6,0.516,0.533,1.1,1.4,0.763,0.5,3.1,3.6,4.0,1.2,0.1,1.6,1.2,9.3,0
2024,NBA,Trendon Watford,watfotr01,23.0,BRK,PF,63,2.0,13.6,2.6,4.9,0.527,0.4,1.1,0.397,2.2,3.9,0.564,0.571,1.2,1.5,0.794,0.8,2.3,3.1,1.3,0.4,0.3,1.0,1.7,6.9,0
2024,NBA,Trent Forrest,forretr01,25.0,ATL,SG,38,0.0,10.9,0.9,2.4,0.378,0.1,0.3,0.2,0.8,2.1,0.4,0.389,0.3,0.4,0.765,0.3,1.1,1.3,2.4,0.3,0.1,0.5,0.7,2.2,0
2024,NBA,Trey Jemison,jemistr01,24.0,2TM,C,25,14.0,22.9,3.0,5.4,0.551,0.0,0.0,0.0,3.0,5.4,0.551,0.551,0.8,1.0,0.84,2.6,2.8,5.4,1.1,0.5,1.1,1.4,2.8,6.8,0
2024,NBA,Trey Lyles,lylestr01,28.0,SAC,PF,58,0.0,20.0,2.5,5.5,0.445,1.4,3.8,0.384,1.0,1.8,0.578,0.576,0.8,1.2,0.7,1.1,3.4,4.4,1.2,0.3,0.3,0.7,1.5,7.2,0
2024,NBA,Trey Murphy III,murphtr02,23.0,NOP,SF,57,23.0,29.6,4.8,10.9,0.443,3.0,7.8,0.38,1.9,3.1,0.602,0.579,2.2,2.6,0.815,0.7,4.2,4.9,2.2,0.9,0.5,0.6,1.2,14.8,0
2024,NBA,Tristan Thompson,thomptr01,32.0,CLE,C,49,0.0,11.2,1.5,2.4,0.608,0.0,0.0,0.0,1.5,2.4,0.613,0.608,0.3,1.1,0.288,1.5,2.1,3.6,1.0,0.2,0.3,0.6,1.2,3.3,0
2024,NBA,Troy Brown Jr.,browntr01,24.0,2TM,SF,59,15.0,14.0,1.4,3.8,0.372,0.8,2.4,0.333,0.6,1.4,0.435,0.476,0.5,0.6,0.865,0.4,2.0,2.4,1.0,0.4,0.1,0.5,0.7,4.2,0
2024,NBA,Tyler Herro,herroty01,24.0,MIA,SG,42,40.0,33.5,7.7,17.5,0.441,3.1,7.9,0.396,4.6,9.6,0.478,0.531,2.3,2.6,0.856,0.5,4.8,5.3,4.5,0.7,0.1,2.2,1.5,20.8,0
2024,NBA,Tyrese Haliburton,halibty01,23.0,IND,PG,69,68.0,32.2,7.2,15.2,0.477,2.8,7.8,0.364,4.4,7.4,0.595,0.57,2.8,3.3,0.855,0.5,3.4,3.9,10.9,1.2,0.7,2.3,1.1,20.1,1
2024,NBA,Tyrese Maxey,maxeyty01,23.0,PHI,PG,70,70.0,37.5,9.1,20.3,0.45,3.0,8.1,0.373,6.1,12.1,0.501,0.524,4.7,5.4,0.868,0.5,3.2,3.7,6.2,1.0,0.5,1.7,2.2,25.9,1
2024,NBA,Tyus Jones,jonesty01,27.0,WAS,PG,66,66.0,29.3,4.9,10.1,0.489,1.6,3.9,0.414,3.3,6.2,0.537,0.569,0.5,0.6,0.8,0.3,2.4,2.7,7.3,1.1,0.3,1.0,0.7,12.0,0
2024,NBA,Vasilije Micić,micicva01,30.0,2TM,PG,60,21.0,19.6,2.7,6.2,0.43,0.7,2.6,0.279,1.9,3.6,0.537,0.488,1.0,1.3,0.813,0.2,1.2,1.5,4.4,0.5,0.1,1.7,1.1,7.0,0
2024,NBA,Victor Wembanyama,wembavi01,20.0,SAS,C,71,71.0,29.7,7.8,16.7,0.465,1.8,5.5,0.325,6.0,11.2,0.534,0.519,4.1,5.2,0.796,2.3,8.4,10.6,3.9,1.2,3.6,3.7,2.2,21.4,0
2024,NBA,Vince Williams Jr.,willivi01,23.0,MEM,SG,52,33.0,27.6,3.3,7.3,0.446,1.5,4.0,0.378,1.7,3.3,0.529,0.55,2.0,2.5,0.8,1.1,4.4,5.6,3.4,0.9,0.7,1.8,2.6,10.0,0
2024,NBA,Vit Krejci,krejcvi01,23.0,ATL,PG,22,14.0,24.6,2.3,4.7,0.49,1.3,3.1,0.412,1.0,1.6,0.639,0.625,0.2,0.3,0.833,0.5,1.9,2.4,2.3,0.6,0.3,0.9,2.2,6.1,0
2024,NBA,Walker Kessler,kesslwa01,22.0,UTA,C,64,22.0,23.3,3.6,5.5,0.654,0.1,0.3,0.211,3.5,5.2,0.68,0.66,0.9,1.5,0.602,2.6,4.9,7.5,0.9,0.5,2.4,1.0,2.1,8.1,0
2024,NBA,Wendell Carter Jr.,cartewe01,24.0,ORL,C,55,48.0,25.6,4.1,7.7,0.525,1.2,3.1,0.374,2.9,4.6,0.626,0.6,1.7,2.4,0.694,2.0,4.9,6.9,1.7,0.6,0.5,1.2,2.2,11.0,0
2024,NBA,Wendell Moore Jr.,moorewe01,22.0,MIN,SG,25,0.0,3.0,0.4,0.7,0.5,0.0,0.2,0.0,0.4,0.5,0.75,0.5,0.0,0.0,0.0,0.0,0.5,0.5,0.2,0.2,0.0,0.2,0.2,0.7,0
2024,NBA,Wesley Matthews,matthwe02,37.0,ATL,SG,36,3.0,11.5,0.9,2.7,0.351,0.7,1.9,0.348,0.3,0.8,0.357,0.474,0.5,0.7,0.75,0.3,1.2,1.5,0.6,0.4,0.3,0.2,1.2,3.1,0
2024,NBA,Xavier Tillman Sr.,tillmxa01,25.0,2TM,PF,54,15.0,18.0,2.2,5.2,0.434,0.4,1.5,0.247,1.9,3.7,0.51,0.47,0.4,0.9,0.44,1.3,2.6,3.9,1.4,0.9,0.8,0.6,1.4,5.3,0
2024,NBA,Yuta Watanabe,watanyu01,29.0,2TM,SF,34,0.0,13.6,1.2,3.4,0.353,0.7,2.5,0.294,0.5,0.9,0.516,0.461,0.3,0.5,0.588,0.3,1.3,1.6,0.4,0.4,0.2,0.6,1.1,3.4,0
2024,NBA,Zach Collins,colliza01,26.0,SAS,C,69,29.0,22.1,4.3,8.9,0.484,0.8,2.6,0.32,3.5,6.3,0.552,0.531,1.8,2.3,0.753,1.7,3.7,5.4,2.8,0.5,0.8,1.9,3.0,11.2,0
2024,NBA,Zach LaVine,lavinza01,28.0,CHI,SG,25,23.0,34.9,6.8,15.0,0.452,2.4,6.8,0.349,4.4,8.3,0.536,0.531,3.5,4.1,0.854,0.3,4.8,5.2,3.9,0.8,0.3,2.1,2.3,19.5,0
2024,NBA,Zeke Nnaji,nnajize01,23.0,DEN,PF,58,0.0,9.9,1.2,2.6,0.463,0.1,0.4,0.261,1.1,2.2,0.5,0.483,0.7,1.1,0.677,1.1,1.1,2.2,0.6,0.3,0.7,0.5,1.4,3.2,0
2024,NBA,Ziaire Williams,willizi02,22.0,MEM,SF,51,15.0,20.4,2.9,7.4,0.397,1.1,3.7,0.307,1.8,3.7,0.487,0.474,1.2,1.5,0.827,0.7,2.8,3.5,1.5,0.7,0.2,1.3,1.7,8.2,0
2024,NBA,Zion Williamson,willizi01,23.0,NOP,PF,70,70.0,31.5,8.9,15.6,0.57,0.1,0.3,0.333,8.8,15.4,0.574,0.573,5.0,7.1,0.702,1.7,4.1,5.8,5.0,1.1,0.7,2.8,2.3,22.9,0
